,Open,High,Low,Close,Volume,Adj Close,Subjectivity,Objectivity,Positive,Neutral,Negative
0,1881,1884,1907,1886,209,1886,95,25,0,25,99
1,1779,1853,1823,1882,902,1882,120,0,96,0,0
2,1689,1735,1711,1767,560,1767,111,9,0,9,106
3,1650,1663,1663,1676,634,1676,64,56,0,56,84
4,1669,1654,1638,1636,965,1636,42,78,36,78,34
5,1891,1862,1688,1672,1603,1672,80,40,72,40,34
6,1847,1889,1885,1910,432,1910,120,0,0,0,109
7,1844,1849,1851,1814,307,1814,105,15,64,15,84
8,1841,1823,1866,1838,246,1838,101,19,0,19,101
9,1795,1861,1839,1822,450,1822,80,40,0,40,92
10,1791,1747,1772,1759,1633,1759,120,0,0,0,109
11,1739,1759,1714,1791,348,1791,108,12,0,12,105
12,1774,1767,1783,1746,389,1746,80,40,36,40,69
13,1776,1748,1770,1758,383,1758,120,0,0,0,109
14,1842,1830,1835,1789,488,1789,120,0,96,0,0
15,1889,1858,1873,1853,323,1853,89,31,51,31,69
16,1898,1886,1906,1901,67,1901,58,62,46,62,42
17,1884,1891,1914,1908,77,1908,120,0,87,0,92
18,1887,1885,1918,1884,150,1884,23,97,0,97,54
19,1838,1863,1877,1877,83,1877,120,0,0,0,109
20,1824,1804,1814,1823,211,1823,111,9,91,9,42
21,1821,1807,1818,1841,111,1841,115,5,78,5,92
22,1803,1793,1799,1816,148,1816,108,12,78,12,77
23,1869,1836,1829,1815,1047,1815,120,0,87,0,92
24,1839,1821,1880,1856,92,1856,95,25,46,25,81
25,1856,1824,1868,1836,64,1836,120,0,91,0,81
26,1793,1829,1838,1848,164,1848,101,19,72,19,69
27,1708,1754,1738,1771,269,1771,113,7,36,7,101
28,1701,1686,1717,1693,287,1693,120,0,89,0,84
29,1686,1691,1705,1695,632,1695,101,19,72,19,69
30,1705,1679,1681,1682,410,1682,120,0,58,0,105
31,1699,1715,1700,1704,160,1704,105,15,64,15,84
32,1773,1733,1713,1706,515,1706,101,19,72,19,69
33,1712,1761,1741,1772,295,1772,105,15,31,15,98
34,1777,1750,1736,1708,272,1708,120,0,0,0,109
35,1777,1788,1781,1780,297,1780,105,15,64,15,84
36,1880,1846,1822,1773,281,1773,95,25,91,25,0
37,1786,1854,1831,1881,115,1881,101,19,36,19,92
38,1801,1778,1802,1770,253,1770,120,0,0,0,109
39,1755,1756,1763,1795,175,1795,80,40,0,40,92
40,1760,1752,1778,1752,202,1752,111,9,81,9,81
41,1792,1753,1776,1750,402,1750,101,19,36,19,92
42,1859,1820,1804,1799,423,1799,95,25,46,25,81
43,1818,1841,1853,1863,177,1863,92,28,0,28,98
44,1830,1796,1793,1808,938,1808,80,40,0,40,92
45,1917,1899,1864,1839,476,1839,116,4,84,4,86
46,1910,1916,1909,1928,596,1928,80,40,0,40,92
47,1906,1905,1916,1903,357,1903,108,12,0,12,105
48,1909,1881,1887,1896,225,1896,113,7,72,7,92
49,1904,1893,1905,1906,914,1906,120,0,94,0,54
50,1944,1930,1927,1899,506,1899,23,97,26,97,24
51,1936,1953,1949,1943,465,1943,120,0,96,0,0
52,1912,1928,1935,1932,311,1932,120,0,87,0,92
53,1867,1888,1886,1907,306,1907,108,12,87,12,54
54,1882,1856,1893,1865,715,1865,80,40,0,40,92
55,1878,1867,1898,1879,239,1879,111,9,91,9,42
56,1798,1845,1840,1872,343,1872,120,0,46,0,106
57,1726,1755,1751,1782,196,1782,101,19,87,19,34
58,1728,1745,1753,1718,574,1718,120,0,87,0,92
59,1719,1730,1739,1723,174,1723,95,25,46,25,81
60,1769,1728,1722,1711,318,1711,120,0,0,0,109
61,1742,1743,1746,1775,452,1775,0,120,0,120,0
62,1782,1741,1762,1732,677,1732,95,25,46,25,81
63,1823,1791,1821,1792,249,1792,95,25,46,25,81
64,1758,1794,1758,1819,540,1819,120,0,87,0,92
65,1780,1760,1803,1763,504,1763,64,56,64,56,28
66,1756,1782,1794,1776,167,1776,42,78,36,78,34
67,1704,1718,1704,1743,264,1743,58,62,0,62,81
68,1709,1696,1728,1709,73,1709,120,0,0,0,109
69,1693,1680,1697,1702,232,1702,101,19,72,19,69
70,1730,1698,1725,1697,234,1697,111,9,81,9,81
71,1740,1720,1744,1725,409,1725,120,0,0,0,109
72,1731,1719,1750,1741,237,1741,31,89,31,89,28
73,1691,1708,1718,1730,1751,1730,80,40,26,40,77
74,1667,1684,1679,1687,714,1687,58,62,46,62,42
75,1660,1657,1664,1661,723,1661,23,97,0,97,54
76,1656,1645,1649,1654,364,1654,80,40,0,40,92
77,1653,1648,1659,1651,418,1651,92,28,64,28,61
78,1604,1640,1622,1648,788,1648,111,9,0,9,106
79,1601,1619,1572,1593,708,1593,105,15,0,15,103
80,1589,1590,1601,1594,697,1594,120,0,72,0,101
81,1611,1598,1594,1582,588,1582,101,19,72,19,69
82,1599,1606,1599,1616,467,1616,42,78,0,78,69
83,1582,1594,1587,1597,569,1597,80,40,0,40,92
84,1569,1566,1570,1576,331,1576,108,12,58,12,92
85,1564,1559,1560,1563,530,1563,80,40,58,40,54
86,1509,1553,1525,1560,544,1560,42,78,0,78,69
87,1528,1531,1516,1495,824,1495,111,9,0,9,106
88,1539,1541,1536,1523,438,1523,120,0,58,0,105
89,1492,1525,1502,1533,388,1533,120,0,0,0,109
90,1456,1465,1414,1483,379,1483,98,22,26,22,92
91,1524,1505,1485,1459,433,1459,120,0,0,0,109
92,1454,1517,1491,1521,498,1521,95,25,46,25,81
93,1452,1420,1442,1443,917,1443,120,0,72,0,101
94,1484,1468,1478,1450,542,1450,92,28,0,28,98
95,1401,1454,1423,1471,798,1471,42,78,36,78,34
96,1362,1378,1376,1392,997,1392,101,19,72,19,69
97,1320,1340,1326,1350,898,1350,58,62,46,62,42
98,1344,1331,1302,1313,1263,1313,27,93,0,93,59
99,1367,1379,1359,1343,777,1343,101,19,0,19,101
100,1359,1363,1357,1357,842,1357,101,19,0,19,101
101,1386,1365,1340,1362,1214,1362,42,78,36,78,34
102,1455,1425,1407,1396,968,1396,80,40,78,40,24
103,1425,1453,1437,1452,890,1452,120,0,72,0,101
104,1396,1414,1368,1425,995,1425,58,62,46,62,42
105,1459,1423,1401,1383,823,1383,42,78,36,78,34
106,1474,1466,1447,1468,664,1468,113,7,72,7,92
107,1377,1446,1397,1477,1523,1477,101,19,72,19,69
108,1350,1358,1351,1369,872,1369,120,0,72,0,101
109,1390,1383,1354,1345,960,1345,113,7,36,7,101
110,1343,1375,1358,1385,716,1385,120,0,0,0,109
111,1375,1356,1356,1339,786,1339,95,25,0,25,99
112,1347,1364,1362,1373,1036,1373,101,19,0,19,101
113,1328,1352,1328,1337,1031,1337,105,15,83,15,61
114,1355,1341,1291,1324,1392,1324,52,68,58,68,24
115,1361,1370,1360,1358,1023,1358,105,15,64,15,84
116,1432,1404,1347,1352,1605,1352,12,108,0,108,42
117,1388,1451,1395,1440,1154,1440,52,68,0,68,77
118,1500,1500,1405,1382,1107,1382,101,19,0,19,101
119,1457,1498,1453,1494,706,1494,120,0,87,0,92
120,1433,1442,1428,1445,843,1445,58,62,0,62,81
121,1499,1515,1450,1427,994,1427,80,40,0,40,92
122,1568,1558,1506,1492,1290,1492,80,40,26,40,77
123,1643,1632,1569,1564,746,1564,80,40,0,40,92
124,1642,1637,1631,1640,553,1640,105,15,64,15,84
125,1680,1662,1606,1638,1055,1638,120,0,72,0,101
126,1733,1700,1701,1680,382,1680,108,12,90,12,34
127,1778,1739,1767,1733,21,1733,101,19,72,19,69
128,1717,1757,1748,1781,69,1781,120,0,87,0,92
129,1714,1685,1706,1705,22,1705,95,25,81,25,42
130,1735,1705,1747,1715,3,1715,120,0,72,0,101
131,1684,1706,1703,1731,363,1731,42,78,0,78,69
132,1661,1671,1669,1678,340,1678,108,12,0,12,105
133,1644,1647,1648,1655,675,1655,42,78,0,78,69
134,1698,1677,1650,1631,1776,1631,120,0,93,0,69
135,1806,1785,1730,1694,683,1694,101,19,72,19,69
136,1711,1780,1721,1797,791,1797,111,9,46,9,99
137,1673,1711,1683,1703,789,1703,120,0,87,0,92
138,1664,1656,1654,1666,1004,1666,120,0,87,0,92
139,1727,1693,1667,1656,920,1656,31,89,64,89,0
140,1697,1732,1715,1722,576,1722,114,6,83,6,84
141,1721,1769,1699,1692,767,1692,120,0,46,0,106
142,1775,1734,1723,1719,655,1719,42,78,0,78,69
143,1848,1809,1789,1787,457,1787,42,78,0,78,69
144,1692,1818,1720,1844,950,1844,101,19,72,19,69
145,1797,1776,1702,1686,832,1686,111,9,46,9,99
146,1864,1839,1820,1784,508,1784,120,0,87,0,92
147,1783,1833,1826,1861,523,1861,120,0,0,0,109
148,1825,1806,1827,1779,1122,1779,23,97,0,97,54
149,1826,1803,1843,1826,214,1826,80,40,58,40,54
150,1833,1814,1867,1826,214,1826,101,19,72,19,69
151,1813,1817,1809,1825,834,1825,113,7,93,7,34
152,1837,1819,1845,1818,923,1818,58,62,0,62,81
153,1790,1842,1836,1831,1103,1831,64,56,0,56,84
154,1796,1771,1808,1790,668,1790,108,12,0,12,105
155,1694,1758,1724,1793,568,1793,120,0,0,0,109
156,1695,1703,1710,1691,1229,1691,27,93,0,93,59
157,1659,1673,1666,1688,949,1688,42,78,0,78,69
158,1687,1670,1668,1653,922,1653,58,62,46,62,42
159,1770,1729,1708,1684,654,1684,113,7,93,7,34
160,1812,1792,1815,1769,405,1769,111,9,46,9,99
161,1785,1770,1796,1803,592,1803,111,9,46,9,99
162,1871,1838,1801,1786,761,1786,120,0,0,0,109
163,1853,1840,1850,1873,578,1873,120,0,0,0,109
164,1860,1852,1857,1852,443,1852,120,0,93,0,69
165,1883,1869,1882,1854,460,1854,113,7,72,7,92
166,1832,1875,1863,1875,351,1875,68,52,22,52,69
167,1763,1810,1795,1837,474,1837,80,40,0,40,92
168,1807,1789,1797,1754,1070,1754,95,25,46,25,81
169,1814,1781,1810,1801,320,1801,95,25,81,25,42
170,1729,1775,1754,1813,680,1813,108,12,0,12,105
171,1743,1713,1745,1724,658,1724,113,7,36,7,101
172,1754,1722,1771,1740,696,1740,113,7,0,7,107
173,1707,1727,1737,1748,1143,1748,120,0,0,0,109
174,1649,1678,1661,1690,1098,1690,61,59,58,59,34
175,1657,1651,1656,1642,574,1642,98,22,26,22,92
176,1658,1646,1655,1650,566,1650,101,19,72,19,69
177,1655,1644,1652,1652,718,1652,120,0,0,0,109
178,1641,1639,1646,1649,1037,1649,111,9,91,9,42
179,1581,1626,1596,1637,782,1637,42,78,0,78,69
180,1623,1611,1582,1572,745,1572,42,78,0,78,69
181,1635,1636,1628,1620,451,1620,101,19,0,19,101
182,1626,1624,1639,1632,86,1632,80,40,0,40,92
183,1612,1610,1625,1622,521,1622,80,40,0,40,92
184,1570,1602,1578,1605,472,1605,101,19,0,19,101
185,1554,1570,1559,1567,682,1567,49,71,41,71,37
186,1550,1552,1556,1547,742,1547,111,9,81,9,81
187,1489,1542,1514,1545,841,1545,120,0,87,0,92
188,1409,1447,1377,1479,942,1479,120,0,0,0,109
189,1415,1401,1393,1408,622,1408,108,12,58,12,92
190,1369,1392,1386,1412,1034,1412,111,9,81,9,81
191,1357,1361,1366,1365,760,1365,115,5,78,5,92
192,1420,1397,1372,1354,976,1354,95,25,46,25,81
193,1399,1444,1419,1416,881,1416,8,112,0,112,34
194,1408,1386,1380,1395,775,1395,101,19,72,19,69
195,1428,1405,1420,1411,261,1411,101,19,36,19,92
196,1482,1448,1425,1422,726,1422,64,56,31,56,61
197,1449,1492,1479,1489,327,1489,80,40,87,40,0
198,1534,1522,1461,1442,1772,1442,23,97,0,97,54
199,1547,1564,1537,1529,864,1529,6,114,0,114,28
200,1522,1535,1531,1542,456,1542,111,9,46,9,99
201,1445,1514,1477,1517,369,1517,120,0,96,0,0
202,1470,1432,1456,1435,359,1435,92,28,89,28,0
203,1426,1428,1431,1460,536,1460,58,62,0,62,81
204,1406,1430,1421,1421,779,1421,108,12,58,12,92
205,1493,1518,1424,1402,724,1402,120,0,87,0,92
206,1381,1461,1402,1485,794,1485,120,0,81,0,99
207,1440,1410,1381,1375,836,1375,101,19,0,19,101
208,1436,1483,1452,1439,604,1439,101,19,51,19,86
209,1370,1402,1388,1429,906,1429,80,40,36,40,69
210,1502,1475,1371,1366,1256,1366,116,4,93,4,47
211,1527,1513,1496,1497,991,1497,98,22,58,22,77
212,1530,1520,1522,1524,895,1524,120,0,72,0,101
213,1417,1519,1444,1526,1262,1526,111,9,46,9,99
214,1317,1395,1325,1413,1478,1413,120,0,64,0,103
215,1340,1396,1323,1314,1497,1314,120,0,94,0,54
216,1478,1438,1279,1333,1712,1333,92,28,64,28,61
217,1598,1579,1503,1474,1555,1474,80,40,58,40,54
218,1668,1652,1615,1590,852,1590,101,19,72,19,69
219,1702,1681,1677,1662,537,1662,113,7,72,7,92
220,1715,1690,1726,1698,173,1698,114,6,83,6,84
221,1690,1687,1685,1712,94,1712,120,0,0,0,109
222,1681,1676,1695,1685,208,1685,101,19,0,19,101
223,1678,1672,1684,1675,296,1675,101,19,84,19,47
224,1675,1667,1651,1673,748,1673,95,25,46,25,81
225,1736,1701,1687,1674,509,1674,108,12,58,12,92
226,1674,1712,1693,1738,353,1738,120,0,81,0,99
227,1682,1665,1675,1668,205,1668,120,0,0,0,109
228,1716,1692,1689,1679,417,1679,108,12,78,12,77
229,1718,1723,1727,1710,502,1710,108,12,0,12,105
230,1737,1714,1734,1714,445,1714,105,15,0,15,103
231,1771,1736,1732,1729,289,1729,120,0,0,0,109
232,1805,1779,1805,1766,559,1766,120,0,93,0,69
233,1800,1766,1790,1796,125,1796,101,19,51,19,86
234,1748,1772,1784,1800,370,1800,42,78,0,78,69
235,1688,1721,1709,1742,517,1742,108,12,87,12,54
236,1724,1689,1698,1683,711,1683,120,0,0,0,109
237,1789,1762,1752,1720,518,1720,101,19,93,19,0
238,1852,1816,1819,1788,298,1788,80,40,0,40,92
239,1879,1847,1870,1847,636,1847,58,62,46,62,42
240,1947,1924,1894,1876,464,1876,108,12,87,12,54
241,1943,1945,1958,1945,105,1945,108,12,58,12,92
242,1955,1938,1950,1942,562,1942,92,28,0,28,98
243,1942,1940,1959,1954,245,1954,113,7,87,7,69
244,1934,1920,1939,1930,184,1930,95,25,81,25,42
245,1901,1912,1923,1931,127,1931,120,0,72,0,101
246,1819,1878,1859,1898,267,1898,95,25,46,25,81
247,1723,1786,1755,1804,257,1804,52,68,0,68,77
248,1710,1768,1740,1713,470,1713,120,0,58,0,105
249,1808,1764,1731,1701,68,1701,101,19,72,19,69
250,1767,1783,1712,1811,556,1811,80,40,58,40,54
251,1788,1749,1756,1762,319,1762,108,12,58,12,92
252,1809,1801,1813,1785,221,1785,110,10,72,10,86
253,1750,1790,1788,1802,275,1802,120,0,0,0,109
254,1738,1740,1760,1739,828,1739,120,0,72,0,101
255,1888,1855,1768,1728,689,1728,23,97,58,97,0
256,1870,1890,1901,1885,1144,1885,64,56,64,56,28
257,1902,1901,1900,1862,155,1862,120,0,94,0,54
258,1961,1946,1928,1892,543,1892,120,0,72,0,101
259,1956,1959,1964,1960,118,1960,92,28,64,28,61
260,1919,1958,1946,1953,141,1953,105,15,31,15,98
261,1954,1935,1942,1913,1661,1913,64,56,0,56,84
262,1890,1956,1919,1950,393,1950,108,12,94,12,0
263,1875,1883,1883,1883,352,1883,80,40,0,40,92
264,1820,1848,1854,1869,136,1869,68,52,22,52,69
265,1868,1828,1817,1817,347,1817,111,9,46,9,99
266,1926,1900,1890,1866,224,1866,54,66,33,66,50
267,1911,1934,1937,1925,308,1925,120,0,0,0,109
268,1810,1906,1849,1905,422,1905,108,12,0,12,105
269,1811,1798,1824,1806,324,1806,108,12,87,12,54
270,1851,1812,1847,1807,265,1807,113,7,72,7,92
271,1874,1859,1878,1846,302,1846,120,0,87,0,92
272,1940,1919,1896,1870,375,1870,120,0,91,0,81
273,1915,1954,1940,1940,91,1940,95,25,81,25,42
274,1922,1921,1912,1912,137,1912,120,0,0,0,109
275,1914,1929,1933,1926,254,1926,95,25,81,25,42
276,1957,1939,1930,1909,974,1909,120,0,0,0,109
277,1963,1950,1960,1955,57,1955,64,56,31,56,61
278,1929,1960,1953,1961,419,1961,87,33,18,33,87
279,1969,1967,1936,1927,600,1927,120,0,72,0,101
280,1974,1974,1972,1967,152,1967,108,12,87,12,54
281,1973,1976,1974,1971,235,1971,92,28,64,28,61
282,1976,1978,1976,1970,179,1970,64,56,0,56,84
283,1975,1979,1975,1974,277,1974,105,15,64,15,84
284,1971,1977,1973,1973,158,1973,108,12,58,12,92
285,1970,1972,1971,1969,586,1969,95,25,81,25,42
286,1937,1971,1956,1968,341,1968,95,25,0,25,99
287,1939,1941,1952,1936,247,1936,95,25,46,25,81
288,1946,1936,1911,1937,304,1937,105,15,83,15,61
289,1964,1962,1962,1946,262,1946,89,31,22,31,86
290,1885,1964,1915,1962,400,1962,42,78,72,78,0
291,1845,1872,1865,1878,193,1878,80,40,0,40,92
292,1886,1892,1837,1843,469,1843,80,40,87,40,0
293,1938,1917,1904,1880,407,1880,101,19,72,19,69
294,1918,1943,1945,1938,260,1938,42,78,0,78,69
295,1855,1895,1891,1915,342,1915,42,78,0,78,69
296,1922,1897,1855,1842,861,1842,64,56,31,56,61
297,1945,1923,1922,1920,494,1920,42,78,22,78,47
298,1927,1937,1908,1948,808,1948,95,25,91,25,0
299,1949,1957,1944,1922,758,1922,80,40,0,40,92
300,1935,1932,1938,1941,728,1941,80,40,72,40,34
301,1921,1942,1929,1935,466,1935,111,9,81,9,81
302,1892,1909,1899,1924,334,1924,101,19,72,19,69
303,1923,1933,1913,1887,403,1887,101,19,0,19,101
304,1846,1922,1884,1919,510,1919,42,78,36,78,34
305,1950,1926,1842,1833,967,1833,120,0,93,0,69
306,1951,1955,1957,1947,309,1947,120,0,0,0,109
307,1930,1952,1954,1949,651,1949,111,9,46,9,99
308,1903,1915,1903,1921,217,1921,101,19,72,19,69
309,1933,1931,1932,1895,744,1895,101,19,72,19,69
310,1894,1910,1920,1934,690,1934,92,28,31,28,84
311,1872,1877,1879,1888,273,1888,108,12,58,12,92
312,1861,1874,1876,1868,129,1868,98,22,58,22,77
313,1865,1876,1895,1857,85,1857,111,9,46,9,99
314,1804,1860,1792,1859,475,1859,80,40,0,40,92
315,1772,1797,1806,1805,280,1805,120,0,72,0,101
316,1816,1774,1766,1768,516,1768,42,78,72,78,0
317,1896,1870,1852,1809,732,1809,114,6,64,6,98
318,1787,1887,1832,1894,527,1894,80,40,0,40,92
319,1764,1744,1787,1774,513,1774,80,40,58,40,54
320,1781,1765,1761,1760,710,1760,58,62,0,62,81
321,1913,1903,1825,1777,564,1777,111,9,81,9,81
322,1952,1949,1941,1911,276,1911,101,19,72,19,69
323,1960,1965,1965,1951,431,1951,108,12,0,12,105
324,1895,1961,1925,1956,1762,1956,95,25,46,25,81
325,1941,1913,1917,1890,582,1890,120,0,72,0,101
326,1849,1925,1816,1939,884,1939,58,62,0,62,81
327,1900,1871,1858,1845,215,1845,92,28,83,28,28
328,1802,1879,1844,1897,490,1897,120,0,0,0,109
329,1866,1825,1786,1798,652,1798,111,9,81,9,81
330,1747,1837,1779,1864,625,1864,89,31,72,31,47
331,1759,1746,1782,1745,497,1745,58,62,0,62,81
332,1908,1880,1798,1753,749,1753,111,9,91,9,42
333,1854,1896,1889,1904,258,1904,113,7,72,7,92
334,1959,1944,1881,1850,646,1850,80,40,72,40,34
335,1948,1951,1961,1958,116,1958,101,19,72,19,69
336,1965,1963,1948,1944,192,1944,101,19,0,19,101
337,1972,1973,1968,1963,226,1963,108,12,87,12,54
338,1958,1975,1966,1972,310,1972,111,9,81,9,81
339,1967,1966,1967,1957,478,1957,80,40,78,40,24
340,1968,1969,1969,1965,201,1965,113,7,0,7,107
341,1966,1970,1970,1966,186,1966,111,9,91,9,42
342,1953,1968,1963,1964,166,1964,42,78,0,78,69
343,1962,1947,1955,1952,223,1952,120,0,0,0,109
344,1905,1948,1897,1959,621,1959,111,9,81,9,81
345,1920,1894,1910,1902,161,1902,113,7,72,7,92
346,1931,1907,1934,1917,106,1917,80,40,0,40,92
347,1916,1908,1921,1929,442,1929,108,12,0,12,105
348,1897,1902,1926,1914,249,1914,80,40,0,40,92
349,1857,1873,1892,1893,701,1893,120,0,87,0,92
350,1858,1835,1846,1851,312,1851,101,19,0,19,101
351,1794,1827,1833,1855,313,1855,120,0,0,0,109
352,1835,1800,1811,1783,203,1783,120,0,0,0,109
353,1863,1864,1848,1832,378,1832,101,19,58,19,83
354,1765,1826,1807,1860,172,1860,120,0,87,0,92
355,1761,1777,1773,1757,503,1757,80,40,0,40,92
356,1672,1725,1691,1755,643,1755,120,0,0,0,109
357,1647,1655,1630,1664,585,1664,120,0,87,0,92
358,1683,1666,1657,1641,1242,1641,101,19,72,19,69
359,1651,1669,1653,1677,629,1677,105,15,64,15,84
360,1679,1674,1662,1645,684,1645,120,0,72,0,101
361,1751,1717,1678,1670,932,1670,120,0,87,0,92
362,1762,1731,1757,1761,278,1761,120,0,72,0,101
363,1828,1795,1800,1756,424,1756,42,78,72,78,0
364,1720,1808,1719,1827,631,1827,42,78,22,78,47
365,1703,1704,1696,1716,410,1716,80,40,72,40,34
366,1706,1697,1686,1700,735,1700,95,25,91,25,0
367,1666,1683,1670,1699,983,1699,101,19,87,19,34
368,1685,1682,1680,1660,394,1660,101,19,72,19,69
369,1744,1707,1673,1681,597,1681,92,28,31,28,84
370,1753,1850,1733,1735,449,1735,101,19,72,19,69
371,1799,1784,1759,1747,355,1747,120,0,72,0,101
372,1877,1843,1812,1794,374,1794,120,0,0,0,109
373,1734,1844,1769,1871,674,1871,92,28,0,28,98
374,1673,1702,1692,1726,330,1726,101,19,72,19,69
375,1700,1695,1672,1667,492,1667,95,25,0,25,99
376,1834,1799,1716,1696,686,1696,101,19,36,19,92
377,1836,1865,1834,1840,122,1840,113,7,36,7,101
378,1907,1904,1875,1830,218,1830,111,9,46,9,99
379,1924,1898,1924,1900,6,1900,120,0,0,0,109
380,1932,1914,1943,1923,13,1923,80,40,0,40,92
381,1928,1927,1951,1933,11,1933,120,0,72,0,101
382,1925,1918,1947,1918,4,1918,108,12,58,12,92
383,1899,1911,1931,1916,220,1916,120,0,72,0,101
384,1827,1868,1872,1891,437,1891,108,12,0,12,105
385,1815,1822,1841,1821,1774,1821,108,12,87,12,54
386,1670,1773,1690,1812,795,1812,111,9,0,9,106
387,1621,1658,1641,1663,717,1663,108,12,58,12,92
388,1648,1668,1640,1613,695,1613,80,40,0,40,92
389,1665,1661,1647,1644,661,1644,98,22,58,22,77
390,1732,1699,1676,1659,766,1659,113,7,72,7,92
391,1713,1763,1742,1727,316,1727,101,19,72,19,69
392,1822,1787,1735,1707,676,1707,98,22,26,22,92
393,1850,1811,1785,1820,468,1820,101,19,72,19,69
394,1893,1866,1869,1849,299,1849,89,31,72,31,47
395,1873,1882,1902,1889,159,1889,120,0,72,0,101
396,1876,1857,1874,1867,122,1867,104,16,0,16,102
397,1862,1851,1888,1874,451,1874,80,40,46,40,63
398,1817,1834,1856,1858,207,1858,101,19,36,19,92
399,1840,1802,1830,1810,268,1810,120,0,81,0,99
400,1843,1831,1871,1835,185,1835,101,19,36,19,92
401,1827,1805,1861,1834,56,1834,108,12,0,12,105
402,1831,1813,1860,1828,293,1828,113,7,93,7,34
403,1829,1815,1862,1829,252,1829,105,15,64,15,84
404,1784,1832,1828,1824,987,1824,111,9,46,9,99
405,1766,1742,1774,1778,139,1778,64,56,0,56,84
406,1768,1738,1780,1764,97,1764,120,0,93,0,69
407,1752,1751,1791,1765,282,1765,120,0,0,0,109
408,1749,1726,1775,1749,72,1749,120,0,93,0,69
409,1757,1724,1777,1744,90,1744,120,0,72,0,101
410,1746,1737,1764,1751,188,1751,64,56,64,56,28
411,1741,1710,1743,1734,119,1734,120,0,87,0,92
412,1745,1716,1765,1737,12,1737,101,19,36,19,92
413,1725,1709,1749,1736,80,1736,80,40,0,40,92
414,1722,1694,1729,1721,219,1721,120,0,0,0,109
415,1696,1688,1707,1717,74,1717,80,40,58,40,54
416,1676,1675,1694,1689,120,1689,92,28,64,28,61
417,1671,1660,1674,1669,199,1669,120,0,96,0,0
418,1677,1664,1682,1665,176,1665,120,0,87,0,92
419,1654,1659,1665,1671,763,1671,120,0,0,0,109
420,1588,1642,1593,1646,178,1646,120,0,91,0,81
421,1600,1597,1583,1583,123,1583,35,85,20,85,42
422,1558,1584,1573,1596,227,1596,101,19,72,19,69
423,1552,1546,1554,1552,88,1552,120,0,0,0,109
424,1536,1544,1540,1550,322,1550,80,40,46,40,63
425,1479,1538,1507,1531,453,1531,95,25,81,25,42
426,1526,1516,1504,1475,349,1475,98,22,58,22,77
427,1448,1508,1487,1520,545,1520,80,40,36,40,69
428,1442,1416,1435,1446,392,1446,120,0,0,0,109
429,1382,1427,1403,1441,954,1441,95,25,81,25,42
430,1385,1381,1364,1378,894,1378,42,78,72,78,0
431,1421,1398,1348,1381,1166,1381,120,0,46,0,106
432,1423,1443,1441,1417,609,1417,95,25,0,25,99
433,1507,1502,1448,1418,583,1418,120,0,0,0,109
434,1531,1537,1523,1504,936,1504,120,0,87,0,92
435,1597,1578,1539,1527,372,1527,111,9,0,9,106
436,1543,1585,1542,1592,570,1592,110,10,84,10,69
437,1595,1577,1551,1538,169,1538,120,0,87,0,92
438,1602,1607,1595,1591,1890,1591,95,25,0,25,99
439,1553,1587,1565,1598,290,1598,101,19,0,19,101
440,1556,1550,1545,1548,110,1548,111,9,81,9,81
441,1609,1588,1562,1549,528,1549,101,19,0,19,101
442,1622,1627,1623,1603,500,1603,99,21,85,21,37
443,1632,1608,1597,1615,70,1615,105,15,83,15,61
444,1584,1628,1602,1628,103,1628,92,28,83,28,28
445,1652,1638,1600,1577,377,1577,120,0,0,0,109
446,1615,1643,1627,1647,187,1647,111,9,46,9,99
447,1646,1635,1633,1608,132,1608,120,0,96,0,0
448,1663,1650,1658,1643,101,1643,95,25,0,25,99
449,1662,1653,1671,1658,1780,1658,95,25,0,25,99
450,1645,1649,1660,1657,250,1657,8,112,0,112,34
451,1638,1641,1644,1639,288,1639,105,15,64,15,84
452,1607,1634,1614,1633,93,1633,101,19,87,19,34
453,1596,1591,1605,1601,82,1601,101,19,72,19,69
454,1610,1589,1598,1589,216,1589,80,40,46,40,63
455,1616,1593,1612,1604,37,1604,111,9,81,9,81
456,1605,1601,1609,1612,128,1612,120,0,87,0,92
457,1633,1612,1617,1599,65,1599,108,12,58,12,92
458,1639,1623,1642,1627,45,1627,52,68,26,68,54
459,1619,1622,1620,1634,124,1634,80,40,72,40,34
460,1628,1633,1626,1614,61,1614,0,120,0,120,0
461,1620,1630,1635,1618,34,1618,95,25,81,25,42
462,1631,1613,1619,1610,41,1610,120,0,95,0,34
463,1627,1609,1629,1624,201,1624,58,62,0,62,81
464,1637,1614,1624,1619,10,1619,80,40,36,40,69
465,1634,1621,1645,1630,28,1630,101,19,72,19,69
466,1625,1631,1643,1626,9,1626,101,19,36,19,92
467,1603,1618,1621,1617,16,1617,42,78,0,78,69
468,1608,1596,1613,1595,39,1595,92,28,64,28,61
469,1593,1599,1612,1602,42,1602,58,62,0,62,81
470,1572,1580,1585,1586,30,1586,64,56,64,56,28
471,1560,1563,1575,1569,54,1569,80,40,58,40,54
472,1533,1547,1543,1556,114,1556,52,68,58,68,24
473,1542,1539,1529,1528,597,1528,92,28,31,28,84
474,1532,1528,1541,1535,32,1535,58,62,20,62,63
475,1516,1521,1528,1525,47,1525,108,12,58,12,92
476,1515,1497,1519,1508,34,1508,80,40,0,40,92
477,1511,1511,1526,1511,43,1511,80,40,36,40,69
478,1437,1484,1465,1506,212,1506,120,0,0,0,109
479,1468,1462,1458,1434,183,1434,95,25,46,25,81
480,1463,1456,1469,1464,149,1464,95,25,46,25,81
481,1512,1486,1467,1458,124,1458,111,9,91,9,42
482,1488,1501,1497,1510,121,1510,42,78,36,78,34
483,1513,1493,1493,1486,243,1486,120,0,87,0,92
484,1567,1554,1527,1509,487,1509,80,40,58,40,54
485,1575,1575,1568,1562,140,1562,68,52,51,52,47
486,1594,1592,1588,1566,119,1566,120,0,93,0,69
487,1587,1583,1581,1587,48,1587,89,31,72,31,47
488,1624,1603,1591,1581,55,1581,108,12,58,12,92
489,1629,1615,1636,1621,49,1621,101,19,72,19,69
490,1636,1617,1634,1623,95,1623,101,19,0,19,101
491,1613,1620,1632,1629,144,1629,108,12,58,12,92
492,1630,1605,1608,1606,59,1606,120,0,0,0,109
493,1590,1613,1610,1625,639,1625,98,22,58,22,77
494,1640,1629,1607,1585,447,1585,101,19,0,19,101
495,1617,1625,1637,1635,623,1635,108,12,94,12,0
496,1614,1616,1618,1609,489,1609,101,19,36,19,92
497,1586,1604,1604,1607,23,1607,95,25,46,25,81
498,1574,1568,1579,1575,24,1575,101,19,72,19,69
499,1592,1574,1567,1568,57,1568,120,0,87,0,92
500,1573,1582,1590,1588,52,1588,80,40,87,40,0
501,1606,1586,1580,1565,109,1565,108,12,0,12,105
502,1618,1595,1616,1600,27,1600,120,0,96,0,0
503,1591,1600,1611,1611,50,1611,101,19,0,19,101
504,1585,1576,1603,1584,18,1584,111,9,46,9,99
505,1559,1581,1574,1580,100,1580,95,25,81,25,42
506,1565,1555,1564,1554,321,1554,108,12,0,12,105
507,1563,1551,1561,1559,952,1559,113,7,72,7,92
508,1566,1556,1557,1558,37,1558,80,40,0,40,92
509,1557,1557,1563,1561,98,1561,111,9,46,9,99
510,1578,1571,1566,1553,180,1553,113,7,72,7,92
511,1583,1569,1584,1573,36,1573,120,0,0,0,109
512,1576,1573,1592,1579,1627,1579,98,22,58,22,77
513,1571,1561,1577,1570,180,1570,120,0,84,0,96
514,1555,1560,1558,1565,96,1565,111,9,81,9,81
515,1551,1545,1555,1551,35,1551,108,12,87,12,54
516,1549,1543,1553,1546,143,1546,95,25,46,25,81
517,1545,1540,1552,1544,404,1544,31,89,31,89,28
518,1562,1548,1549,1540,87,1540,120,0,46,0,106
519,1580,1565,1571,1557,29,1557,108,12,58,12,92
520,1579,1567,1586,1578,40,1578,120,0,0,0,109
521,1577,1572,1589,1574,53,1574,101,19,51,19,86
522,1561,1562,1576,1571,187,1571,101,19,87,19,34
523,1548,1549,1550,1555,73,1555,92,28,64,28,61
524,1544,1534,1544,1541,44,1541,52,68,0,68,77
525,1546,1533,1547,1539,60,1539,98,22,58,22,77
526,1541,1536,1546,1543,17,1543,120,0,93,0,69
527,1538,1530,1538,1537,547,1537,23,97,0,97,54
528,1529,1526,1535,1534,15,1534,80,40,58,40,54
529,1535,1523,1534,1522,33,1522,120,0,81,0,99
530,1523,1524,1533,1530,191,1530,120,0,72,0,101
531,1508,1506,1524,1518,26,1518,105,15,83,15,61
532,1504,1488,1511,1503,20,1503,111,9,46,9,99
533,1443,1481,1471,1501,126,1501,120,0,0,0,109
534,1495,1467,1460,1438,108,1438,120,0,87,0,92
535,1487,1474,1495,1490,210,1490,111,9,91,9,42
536,1467,1458,1488,1484,730,1484,80,40,0,40,92
537,1525,1509,1481,1466,565,1466,120,0,0,0,109
538,1540,1529,1532,1519,84,1519,101,19,0,19,101
539,1537,1532,1548,1536,79,1536,80,40,26,40,77
540,1521,1527,1530,1532,81,1532,101,19,72,19,69
541,1510,1496,1512,1516,104,1516,120,0,0,0,109
542,1498,1510,1513,1505,112,1505,108,12,58,12,92
543,1447,1471,1463,1496,384,1496,105,15,64,15,84
544,1503,1478,1483,1447,102,1447,113,7,0,7,107
545,1494,1482,1473,1498,71,1498,120,0,87,0,92
546,1514,1507,1510,1491,153,1491,42,78,0,78,69
547,1520,1504,1520,1507,113,1507,113,7,36,7,101
548,1506,1499,1517,1515,367,1515,80,40,0,40,92
549,1471,1485,1499,1502,76,1502,101,19,72,19,69
550,1435,1459,1449,1467,548,1467,101,19,0,19,101
551,1490,1460,1458,1432,325,1432,111,9,46,9,99
552,1491,1480,1500,1487,181,1487,95,25,0,25,99
553,1497,1473,1509,1487,130,1487,120,0,87,0,92
554,1469,1489,1498,1493,242,1493,120,0,0,0,109
555,1451,1439,1484,1469,170,1469,101,19,22,19,96
556,1461,1441,1466,1448,933,1448,120,0,91,0,81
557,1411,1426,1438,1456,396,1456,80,40,0,40,92
558,1393,1388,1389,1405,429,1405,80,40,58,40,54
559,1366,1374,1382,1389,315,1389,80,40,58,40,54
560,1391,1369,1379,1361,733,1361,35,85,20,85,42
561,1466,1436,1410,1388,640,1388,87,33,18,33,87
562,1407,1429,1433,1462,339,1462,108,12,0,12,105
563,1404,1391,1417,1403,439,1403,80,40,81,40,15
564,1453,1424,1430,1400,693,1400,101,19,0,19,101
565,1519,1512,1480,1449,529,1449,95,25,20,25,92
566,1518,1503,1521,1512,134,1512,80,40,0,40,92
567,1505,1494,1515,1513,146,1513,105,15,0,15,103
568,1476,1490,1501,1500,291,1500,87,33,62,33,59
569,1424,1450,1454,1472,533,1472,101,19,72,19,69
570,1412,1421,1439,1420,266,1420,80,40,26,40,77
571,1413,1394,1418,1406,380,1406,111,9,46,9,99
572,1438,1445,1440,1407,362,1407,68,52,22,52,69
573,1416,1419,1443,1433,301,1433,105,15,0,15,103
574,1419,1413,1422,1410,611,1410,98,22,78,22,54
575,1427,1437,1445,1415,1782,1415,80,40,36,40,69
576,1402,1403,1413,1423,338,1423,80,40,72,40,34
577,1429,1407,1406,1399,317,1399,80,40,58,40,54
578,1405,1409,1432,1424,162,1424,42,78,72,78,0
579,1371,1387,1390,1401,300,1401,120,0,94,0,54
580,1380,1367,1384,1368,255,1368,101,19,72,19,69
581,1430,1417,1396,1377,264,1377,101,19,72,19,69
582,1431,1408,1434,1426,143,1426,108,12,58,12,92
583,1458,1440,1455,1428,147,1428,111,9,0,9,106
584,1472,1433,1459,1454,62,1454,120,0,87,0,92
585,1462,1464,1482,1470,190,1470,120,0,96,0,0
586,1434,1431,1464,1455,117,1455,93,27,58,27,69
587,1446,1418,1462,1431,99,1431,95,25,46,25,81
588,1392,1422,1415,1444,416,1444,52,68,26,68,54
589,1422,1400,1392,1387,361,1387,101,19,0,19,101
590,1414,1415,1427,1419,771,1419,105,15,64,15,84
591,1397,1389,1412,1409,426,1409,120,0,87,0,92
592,1395,1384,1411,1394,386,1394,80,40,26,40,77
593,1400,1385,1409,1391,455,1391,80,40,26,40,77
594,1378,1393,1399,1397,1624,1397,58,62,0,62,81
595,1384,1376,1398,1376,829,1376,120,0,58,0,105
596,1368,1366,1375,1380,138,1380,80,40,26,40,77
597,1383,1382,1383,1364,189,1364,120,0,0,0,109
598,1387,1368,1400,1379,333,1379,104,16,67,16,81
599,1363,1373,1373,1384,231,1384,101,19,87,19,34
600,1349,1353,1350,1363,455,1363,114,6,64,6,98
601,1356,1351,1363,1347,135,1347,104,16,67,16,81
602,1331,1348,1339,1353,412,1353,12,108,0,108,42
603,1330,1325,1333,1327,233,1327,101,19,51,19,86
604,1313,1324,1321,1326,555,1326,114,6,83,6,84
605,1279,1303,1289,1309,571,1309,99,21,76,21,59
606,1278,1274,1270,1274,546,1274,80,40,58,40,54
607,1268,1275,1274,1275,799,1275,113,7,93,7,34
608,1321,1315,1273,1263,1085,1263,120,0,0,0,109
609,1336,1328,1319,1317,945,1317,92,28,0,28,98
610,1323,1332,1332,1332,350,1332,89,31,22,31,86
611,1348,1334,1330,1318,602,1318,111,9,81,9,81
612,1334,1337,1346,1344,301,1344,108,12,92,12,24
613,1339,1336,1336,1330,839,1330,120,0,72,0,101
614,1398,1380,1355,1336,992,1336,98,22,58,22,77
615,1441,1411,1408,1393,471,1393,120,0,58,0,105
616,1460,1435,1457,1436,283,1436,104,16,46,16,92
617,1477,1470,1451,1451,626,1451,23,97,0,97,54
618,1450,1457,1475,1473,1349,1473,104,16,67,16,81
619,1483,1449,1470,1453,280,1453,120,0,87,0,92
620,1444,1463,1472,1482,480,1482,49,71,18,71,59
621,1410,1412,1436,1437,440,1437,80,40,26,40,77
622,1465,1434,1429,1404,628,1404,101,19,72,19,69
623,1473,1455,1476,1461,248,1461,114,6,64,6,98
624,1480,1472,1474,1465,229,1465,108,12,0,12,105
625,1501,1476,1490,1476,515,1476,42,78,51,78,19
626,1464,1487,1492,1499,198,1499,101,19,0,19,101
627,1481,1479,1486,1457,305,1457,12,108,46,108,0
628,1475,1469,1494,1478,89,1478,92,28,64,28,61
629,1517,1491,1489,1463,194,1463,42,78,72,78,0
630,1496,1495,1518,1514,151,1514,42,78,0,78,69
631,1485,1462,1508,1488,14,1488,68,52,22,52,69
632,1486,1477,1505,1480,5,1480,120,0,36,0,107
633,1439,1452,1468,1481,8,1481,111,9,46,9,99
634,1418,1406,1446,1430,2,1430,42,78,51,78,19
635,1403,1399,1426,1414,154,1414,99,21,41,21,87
636,1394,1390,1416,1398,1701,1398,23,97,0,97,54
637,1389,1377,1404,1390,401,1390,101,19,72,19,69
638,1338,1371,1341,1386,865,1386,23,97,0,97,54
639,1341,1333,1345,1334,485,1334,101,19,72,19,69
640,1327,1335,1335,1338,484,1338,108,12,87,12,54
641,1324,1321,1331,1322,222,1322,27,93,0,93,59
642,1335,1327,1327,1319,557,1319,42,78,0,78,69
643,1352,1342,1344,1331,575,1331,113,7,0,7,107
644,1365,1349,1369,1349,169,1349,113,7,87,7,69
645,1364,1354,1378,1360,345,1360,101,19,36,19,92
646,1333,1346,1343,1359,434,1359,105,15,83,15,61
647,1342,1330,1342,1328,846,1328,120,0,87,0,92
648,1346,1338,1337,1340,616,1340,80,40,20,40,81
649,1358,1343,1349,1342,525,1342,92,28,31,28,84
650,1376,1357,1374,1355,358,1355,49,71,18,71,59
651,1379,1372,1394,1372,66,1372,12,108,0,108,42
652,1374,1359,1387,1374,46,1374,97,23,33,23,88
653,1372,1362,1391,1371,578,1371,98,22,26,22,92
654,1373,1360,1385,1370,387,1370,95,25,81,25,42
655,1360,1355,1370,1367,195,1367,95,25,46,25,81
656,1345,1344,1361,1356,156,1356,98,22,87,22,24
657,1353,1345,1352,1341,236,1341,104,16,87,16,42
658,1354,1347,1367,1348,240,1348,89,31,72,31,47
659,1351,1350,1365,1351,397,1351,71,49,41,49,59
660,1337,1339,1353,1346,828,1346,93,27,82,27,34
661,1332,1329,1338,1335,793,1335,120,0,81,0,99
662,1322,1326,1324,1329,354,1329,104,16,46,16,92
663,1329,1322,1329,1321,165,1321,58,62,28,62,58
664,1326,1320,1334,1325,19,1325,80,40,26,40,77
665,1307,1319,1315,1323,482,1323,106,14,62,14,87
666,1325,1323,1317,1303,522,1303,95,25,81,25,42
667,1312,1318,1322,1320,598,1320,92,28,64,28,61
668,1314,1308,1307,1306,346,1306,49,71,41,71,37
669,1310,1312,1318,1311,75,1311,42,78,22,78,47
670,1303,1305,1309,1305,491,1305,54,66,33,66,50
671,1309,1307,1311,1296,661,1296,66,54,42,54,54
672,1319,1317,1314,1307,163,1307,27,93,18,93,37
673,1305,1313,1313,1316,270,1316,117,3,20,3,106
674,1304,1299,1308,1301,361,1301,92,28,64,28,61
675,1293,1295,1305,1302,605,1302,80,40,67,40,42
676,1275,1286,1284,1288,303,1288,110,10,72,10,86
677,1285,1272,1277,1271,325,1271,108,12,58,12,92
678,1271,1284,1281,1281,573,1281,80,40,36,40,69
679,1273,1266,1276,1267,381,1267,80,40,58,40,54
680,1267,1267,1267,1268,1129,1268,113,7,36,7,101
681,1266,1259,1253,1262,590,1262,35,85,0,85,63
682,1235,1258,1243,1264,365,1264,95,25,0,25,99
683,1253,1242,1242,1230,337,1230,58,62,46,62,42
684,1242,1246,1240,1250,200,1250,98,22,78,22,54
685,1229,1232,1234,1239,256,1239,120,0,46,0,106
686,1186,1220,1195,1226,563,1226,58,62,20,62,63
687,1182,1184,1181,1182,511,1182,58,62,0,62,81
688,1201,1192,1188,1179,505,1179,101,19,87,19,34
689,1219,1209,1204,1198,171,1198,54,66,68,66,9
690,1211,1213,1216,1217,107,1217,99,21,41,21,87
691,1230,1221,1212,1208,335,1208,80,40,87,40,0
692,1237,1226,1223,1228,263,1228,49,71,62,71,13
693,1232,1230,1236,1235,213,1235,92,28,64,28,61
694,1246,1234,1231,1227,778,1227,49,71,41,71,37
695,1259,1247,1250,1243,411,1243,64,56,49,56,45
696,1249,1261,1259,1257,157,1257,114,6,64,6,98
697,1264,1257,1256,1244,206,1244,80,40,58,40,54
698,1274,1268,1269,1258,251,1258,58,62,46,62,42
699,1281,1273,1278,1269,399,1269,80,40,0,40,92
700,1315,1309,1290,1277,1805,1277,111,9,46,9,99
701,1318,1314,1320,1310,688,1310,98,22,58,22,77
702,1296,1316,1295,1315,1032,1315,49,71,41,71,37
703,1290,1290,1303,1292,531,1292,105,15,0,15,103
704,1269,1289,1280,1285,552,1285,80,40,58,40,54
705,1257,1260,1264,1265,328,1265,89,31,0,31,96
706,1261,1253,1261,1249,458,1249,23,97,0,97,54
707,1239,1250,1247,1256,495,1256,101,19,72,19,69
708,1218,1227,1228,1234,512,1234,68,52,51,52,47
709,1199,1214,1207,1215,326,1215,58,62,0,62,81
710,1203,1200,1191,1195,589,1195,71,49,41,49,59
711,1200,1196,1206,1199,477,1199,49,71,62,71,13
712,1190,1195,1194,1196,772,1196,60,60,66,60,21
713,1184,1191,1189,1187,1003,1187,54,66,53,66,31
714,1192,1183,1185,1183,931,1183,93,27,58,27,69
715,1187,1190,1193,1189,371,1189,80,40,36,40,69
716,1181,1188,1184,1185,535,1185,23,97,58,97,0
717,1202,1194,1186,1178,722,1178,92,28,31,28,84
718,1214,1207,1210,1200,507,1200,97,23,68,23,65
719,1208,1202,1208,1210,896,1210,98,22,58,22,77
720,1195,1198,1202,1202,1106,1202,101,19,0,19,101
721,1210,1201,1200,1192,435,1192,120,0,0,0,109
722,1213,1210,1218,1209,501,1209,2,118,0,118,11
723,1220,1216,1219,1211,627,1211,101,19,72,19,69
724,1226,1223,1227,1218,1089,1218,120,0,91,0,81
725,1262,1251,1233,1222,848,1222,101,19,51,19,86
726,1280,1271,1266,1260,330,1260,80,40,0,40,92
727,1277,1280,1271,1276,241,1276,74,46,61,46,42
728,1276,1270,1275,1272,145,1272,101,19,72,19,69
729,1289,1281,1272,1273,197,1273,105,15,49,15,92
730,1287,1291,1286,1286,329,1286,98,22,58,22,77
731,1292,1283,1287,1283,294,1283,23,97,0,97,54
732,1308,1302,1296,1289,286,1289,80,40,46,40,63
733,1316,1310,1316,1304,131,1304,111,9,46,9,99
734,1311,1311,1312,1312,539,1312,58,62,67,62,15
735,1291,1306,1304,1308,615,1308,92,28,31,28,84
736,1295,1304,1300,1287,1029,1287,101,19,51,19,86
737,1297,1298,1297,1290,707,1290,95,25,46,25,81
738,1302,1292,1298,1291,279,1291,115,5,26,5,105
739,1301,1294,1282,1299,398,1299,114,6,64,6,98
740,1298,1293,1292,1298,515,1298,42,78,0,78,69
741,1306,1300,1301,1293,448,1293,80,40,36,40,69
742,1300,1301,1310,1300,441,1300,42,78,51,78,19
743,1299,1296,1306,1295,1319,1295,58,62,46,62,42
744,1294,1288,1299,1294,1569,1294,35,85,67,85,0
745,1286,1297,1294,1297,935,1297,80,40,36,40,69
746,1282,1279,1288,1282,825,1282,108,12,26,12,100
747,1288,1277,1285,1278,558,1278,80,40,87,40,0
748,1283,1282,1293,1284,454,1284,105,15,83,15,61
749,1284,1278,1283,1280,873,1280,52,68,26,68,54
750,1251,1276,1262,1279,809,1279,101,19,72,19,69
751,1252,1255,1257,1246,544,1246,80,40,0,40,92
752,1241,1248,1252,1248,599,1248,115,5,78,5,92
753,1233,1239,1241,1237,941,1237,68,52,51,52,47
754,1212,1222,1215,1229,395,1229,12,108,28,108,7
755,1198,1203,1198,1206,24,1206,101,19,87,19,34
756,1207,1206,1199,1197,694,1197,71,49,62,49,37
757,1196,1212,1203,1205,752,1205,120,0,81,0,99
758,1215,1204,1201,1193,1572,1193,95,25,46,25,81
759,1197,1211,1205,1212,653,1212,12,108,10,108,25
760,1180,1193,1187,1194,903,1194,66,54,58,54,38
761,1171,1178,1174,1177,932,1177,76,44,77,44,17
762,1183,1177,1165,1167,1152,1167,42,78,36,78,34
763,1179,1185,1178,1180,1832,1180,42,78,22,78,47
764,1225,1215,1182,1176,1266,1176,120,0,46,0,106
765,1258,1249,1237,1222,620,1222,80,40,16,40,83
766,1238,1252,1246,1254,446,1254,58,62,20,62,63
767,1221,1238,1229,1233,969,1233,80,40,64,40,45
768,1236,1229,1224,1216,577,1216,80,40,20,40,81
769,1209,1228,1213,1231,532,1231,52,68,0,68,77
770,1231,1233,1217,1207,554,1207,101,19,0,19,101
771,1243,1235,1230,1225,486,1225,108,12,72,12,83
772,1245,1240,1249,1240,390,1240,106,14,85,14,59
773,1216,1237,1222,1241,948,1241,92,28,31,28,84
774,1204,1205,1197,1213,982,1213,31,89,64,89,0
775,1234,1225,1211,1201,990,1201,108,12,58,12,92
776,1247,1244,1235,1232,916,1232,110,10,88,10,47
777,1228,1236,1239,1242,1053,1242,110,10,51,10,96
778,1260,1263,1238,1223,1480,1223,31,89,31,89,28
779,1255,1264,1260,1255,759,1255,95,25,61,25,69
780,1272,1265,1254,1251,660,1251,80,40,72,40,34
781,1256,1285,1263,1270,880,1270,80,40,67,40,42
782,1250,1245,1248,1252,550,1252,108,12,58,12,92
783,1254,1254,1245,1247,1063,1247,58,62,20,62,63
784,1270,1287,1258,1253,1260,1253,42,78,58,78,11
785,1263,1269,1268,1266,783,1266,105,15,89,15,28
786,1265,1262,1265,1259,691,1259,71,49,85,49,0
787,1244,1256,1255,1261,1288,1261,113,7,0,7,107
788,1248,1243,1251,1238,1028,1238,101,19,22,19,96
789,1240,1241,1244,1245,797,1245,80,40,58,40,54
790,1223,1231,1232,1236,804,1236,101,19,0,19,101
791,1227,1218,1226,1220,391,1220,80,40,0,40,92
792,1222,1219,1221,1224,444,1224,89,31,72,31,47
793,1224,1224,1225,1219,428,1219,89,31,51,31,69
794,1217,1217,1220,1221,648,1221,101,19,93,19,0
795,1205,1208,1214,1214,704,1214,100,20,49,20,84
796,1206,1197,1209,1203,686,1203,61,59,16,59,69
797,1189,1199,1196,1204,741,1204,111,9,46,9,99
798,1175,1180,1179,1186,332,1186,120,0,72,0,101
799,1191,1181,1177,1172,641,1172,98,22,26,22,92
800,1188,1181,1183,1188,1056,1188,120,0,72,0,101
801,1176,1182,1180,1184,423,1184,98,22,26,22,92
802,1174,1172,1176,1173,858,1173,80,40,36,40,69
803,1173,1176,1172,1171,864,1171,98,22,26,22,92
804,1177,1173,1173,1170,956,1170,110,10,51,10,96
805,1163,1171,1166,1174,947,1174,114,6,83,6,84
806,1159,1162,1157,1160,1043,1160,80,40,58,40,54
807,1157,1157,1153,1156,1472,1156,98,22,26,22,92
808,1169,1167,1159,1154,1142,1154,92,28,64,28,61
809,1178,1174,1167,1166,1237,1166,80,40,0,40,92
810,1166,1175,1171,1175,826,1175,105,15,31,15,98
811,1193,1186,1170,1163,1179,1163,80,40,78,40,24
812,1194,1187,1192,1190,734,1190,42,78,22,78,47
813,1185,1189,1190,1191,1024,1191,105,15,83,15,61
814,1172,1179,1175,1181,751,1181,80,40,72,40,34
815,1168,1170,1169,1169,853,1169,108,12,78,12,77
816,1162,1165,1160,1165,567,1165,95,25,0,25,99
817,1167,1164,1151,1159,888,1159,58,62,46,62,42
818,1160,1166,1164,1164,538,1164,101,19,36,19,92
819,1170,1168,1162,1157,833,1157,80,40,67,40,42
820,1164,1169,1168,1168,436,1168,98,22,26,22,92
821,1165,1163,1163,1161,336,1161,95,25,91,25,0
822,1156,1161,1161,1162,1108,1162,101,19,36,19,92
823,1161,1158,1152,1153,360,1153,71,49,18,49,75
824,1148,1159,1154,1158,414,1158,98,22,58,22,77
825,1154,1160,1146,1145,806,1145,64,56,0,56,84
826,1146,1152,1150,1151,483,1151,108,12,58,12,92
827,1153,1150,1145,1143,610,1143,52,68,0,68,77
828,1152,1156,1156,1150,762,1150,89,31,72,31,47
829,1150,1151,1144,1149,773,1149,89,31,72,31,47
830,1155,1153,1147,1147,738,1147,113,7,36,7,101
831,1158,1154,1158,1152,1825,1152,95,25,46,25,81
832,1151,1155,1155,1155,705,1155,105,15,31,15,98
833,1149,1148,1148,1148,228,1148,106,14,41,14,95
834,1147,1149,1149,1146,496,1146,52,68,8,68,66
835,1145,1147,1143,1144,398,1144,86,34,33,34,78
836,1144,1146,1142,1142,680,1142,105,15,89,15,28
837,1143,1145,1141,1141,700,1141,80,40,0,40,92
838,1142,1144,1140,1140,692,1140,52,68,0,68,77
839,1141,1143,1139,1139,633,1139,80,40,11,40,84
840,1140,1141,1137,1138,613,1138,108,12,58,12,92
841,1138,1140,1131,1137,819,1137,27,93,18,93,37
842,1139,1142,1138,1135,1298,1135,80,40,0,40,92
843,1122,1139,1124,1136,572,1136,71,49,41,49,59
844,1115,1119,1115,1119,899,1119,52,68,8,68,66
845,1134,1138,1114,1112,1094,1112,95,25,81,25,42
846,1119,1128,1125,1131,975,1131,95,25,46,25,81
847,1124,1120,1117,1116,889,1116,93,27,36,27,83
848,1137,1137,1129,1121,961,1121,105,15,83,15,61
849,1130,1136,1136,1134,937,1134,58,62,81,62,0
850,1128,1129,1127,1127,1414,1127,113,7,36,7,101
851,1131,1125,1130,1125,671,1125,113,7,87,7,69
852,1136,1134,1134,1128,879,1128,105,15,31,15,98
853,1127,1135,1135,1133,702,1133,95,25,81,25,42
854,1133,1127,1132,1124,106,1124,87,33,62,33,59
855,1125,1133,1133,1130,459,1130,111,9,46,9,99
856,1132,1124,1118,1122,720,1122,120,0,46,0,106
857,1129,1126,1128,1129,840,1129,101,19,87,19,34
858,1118,1131,1123,1126,918,1126,52,68,0,68,77
859,1135,1130,1121,1115,877,1115,108,12,87,12,54
860,1117,1132,1119,1132,851,1132,8,112,0,112,34
861,1123,1121,1119,1114,1006,1114,75,45,39,45,62
862,1126,1122,1126,1120,703,1120,23,97,0,97,54
863,1120,1123,1122,1123,587,1123,16,104,0,104,47
864,1121,1118,1120,1117,650,1117,71,49,41,49,59
865,1116,1117,1116,1118,876,1118,58,62,46,62,42
866,1114,1116,1113,1113,805,1113,58,62,46,62,42
867,1113,1115,1112,1111,532,1111,23,97,0,97,54
868,1112,1114,1111,1110,1022,1110,80,40,36,40,69
869,1110,1111,1110,1109,1663,1109,111,9,0,9,106
870,1094,1109,1100,1106,1342,1106,101,19,72,19,69
871,1096,1090,1096,1091,721,1091,23,97,58,97,0
872,1093,1093,1092,1093,499,1093,99,21,18,21,95
873,1091,1088,1094,1090,719,1090,101,19,72,19,69
874,1087,1087,1091,1088,729,1088,80,40,64,40,45
875,1080,1083,1084,1084,907,1084,68,52,0,52,86
876,1073,1077,1079,1076,785,1076,80,40,0,40,92
877,1078,1074,1071,1069,863,1069,80,40,0,40,92
878,1084,1080,1080,1075,645,1075,113,7,36,7,101
879,1079,1082,1083,1081,581,1081,98,22,70,22,66
880,1081,1079,1081,1077,866,1077,80,40,0,40,92
881,1013,1076,1028,1078,1173,1078,27,93,0,93,59
882,960,996,962,1011,1034,1011,68,52,22,52,69
883,1006,991,978,958,259,958,68,52,22,52,69
884,1017,1004,989,1006,463,1006,120,0,46,0,106
885,1023,1013,1020,1015,168,1015,75,45,7,45,82
886,1038,1020,1040,1022,7,1022,42,78,0,78,69
887,1068,1061,1037,1037,1828,1037,80,40,72,40,34
888,1056,1062,1060,1066,740,1066,117,3,81,3,92
889,1077,1070,1068,1056,1065,1056,64,56,31,56,61
890,1052,1071,1064,1074,1102,1074,80,40,36,40,69
891,1022,1042,1042,1049,1009,1049,89,31,51,31,69
892,1034,1021,1035,1021,709,1021,120,0,58,0,105
893,1054,1044,1047,1032,481,1032,71,49,18,49,75
894,1057,1065,1061,1052,838,1052,120,0,91,0,81
895,1032,1060,1052,1054,803,1054,61,59,72,59,11
896,1025,1023,1044,1030,720,1030,49,71,0,71,75
897,999,1011,1017,1024,800,1024,101,19,36,19,92
898,987,983,999,997,698,997,101,19,22,19,96
899,963,989,975,989,1170,989,105,15,0,15,103
900,971,972,981,963,813,963,98,22,0,22,100
901,988,987,987,968,644,968,80,40,0,40,92
902,986,978,994,986,1252,986,37,83,0,83,65
903,975,981,988,985,652,985,104,16,20,16,99
904,943,963,933,977,885,977,42,78,16,78,54
905,968,958,958,940,712,940,38,82,26,82,38
906,985,968,968,970,663,970,110,10,22,10,101
907,932,969,951,984,25,984,47,73,49,73,28
908,917,918,940,932,425,932,80,40,0,40,92
909,918,909,916,917,915,917,95,25,0,25,99
910,866,906,890,918,943,918,61,59,36,59,54
911,851,854,857,866,1424,866,37,83,14,83,50
912,859,851,862,850,860,850,80,40,0,40,92
913,909,907,875,856,1184,856,42,78,51,78,19
914,924,933,927,908,999,908,114,6,64,6,98
915,927,922,938,926,31,926,42,78,36,78,34
916,926,931,922,927,894,927,80,40,36,40,69
917,958,959,948,925,960,925,80,40,26,40,77
918,1048,1038,959,957,1204,957,80,40,87,40,0
919,1015,1057,1029,1053,551,1053,61,59,16,59,69
920,1005,1003,1009,1014,408,1014,80,40,0,40,92
921,1051,1056,1019,1004,951,1004,52,68,58,68,24
922,1007,1050,1026,1048,984,1048,95,25,0,25,99
923,1014,1018,1014,1007,957,1007,80,40,46,40,63
924,1012,1008,1010,1012,922,1012,80,40,75,40,28
925,1001,1032,1001,1010,667,1010,92,28,0,28,98
926,1011,1010,1015,1000,612,1000,80,40,0,40,92
927,1075,1068,1024,1008,775,1008,108,12,58,12,92
928,1074,1072,1065,1073,765,1073,95,25,46,25,81
929,1099,1092,1073,1071,1604,1071,101,19,72,19,69
930,1101,1099,1101,1095,850,1095,98,22,0,22,100
931,1097,1095,1095,1098,930,1098,101,19,84,19,47
932,1083,1094,1087,1096,647,1096,101,19,58,19,83
933,1071,1081,1076,1080,673,1080,98,22,26,22,92
934,1070,1075,1072,1069,656,1069,89,31,72,31,47
935,1076,1078,1077,1068,271,1068,61,59,36,59,54
936,1088,1084,1078,1072,479,1072,98,22,87,22,24
937,1107,1100,1097,1085,520,1085,105,15,64,15,84
938,1109,1106,1106,1104,78,1104,113,7,72,7,92
939,1104,1113,1108,1108,679,1108,98,22,78,22,54
940,1092,1102,1098,1101,561,1101,31,89,0,89,61
941,1089,1091,1090,1089,524,1089,80,40,78,40,24
942,1095,1096,1088,1086,327,1086,113,7,36,7,101
943,1085,1103,1089,1092,559,1092,112,8,18,8,104
944,1090,1086,1082,1082,1044,1082,58,62,0,62,81
945,1082,1089,1086,1087,659,1087,87,33,76,33,37
946,1086,1085,1085,1079,802,1079,92,28,31,28,84
947,1102,1107,1093,1083,964,1083,54,66,53,66,31
948,1106,1105,1103,1099,747,1099,113,7,36,7,101
949,1111,1110,1109,1103,1841,1103,108,12,58,12,92
950,1105,1104,1099,1107,713,1107,114,6,0,6,108
951,1103,1108,1107,1102,687,1102,27,93,18,93,37
952,1100,1098,1102,1100,754,1100,101,19,72,19,69
953,1108,1101,1104,1097,845,1097,101,19,0,19,101
954,1098,1112,1105,1105,1350,1105,42,78,22,78,47
955,1072,1097,1075,1094,1092,1094,52,68,0,68,77
956,1069,1073,1074,1070,624,1070,113,7,36,7,101
957,1060,1069,1069,1067,541,1067,111,9,46,9,99
958,1067,1064,1067,1058,792,1058,87,33,62,33,59
959,1066,1063,1070,1065,1000,1065,34,86,24,86,36
960,993,1058,1012,1064,855,1064,80,40,0,40,92
961,992,992,1003,993,356,993,46,74,24,74,51
962,1004,990,992,990,526,990,80,40,58,40,54
963,982,1009,996,1003,739,1003,108,12,58,12,92
964,1009,994,993,979,314,979,114,6,31,6,103
965,1010,1005,1022,1013,338,1013,95,25,46,25,81
966,1019,1006,1021,1009,204,1009,95,25,0,25,99
967,1027,1015,1033,1019,415,1019,71,49,18,49,75
968,995,1014,1006,1025,292,1025,80,40,36,40,69
969,1035,1012,1013,994,594,994,93,27,72,27,54
970,1042,1029,1036,1034,617,1034,104,16,67,16,81
971,1063,1066,1056,1041,699,1041,19,101,14,101,31
972,1064,1051,1062,1061,285,1061,92,28,31,28,84
973,1058,1053,1066,1062,962,1062,12,108,20,108,15
974,1030,1048,1046,1055,666,1055,111,9,91,9,42
975,1026,1022,1043,1026,133,1026,98,22,26,22,92
976,1031,1035,1045,1033,238,1033,105,15,83,15,61
977,1045,1028,1031,1029,58,1029,42,78,58,78,11
978,1029,1030,1025,1044,272,1044,80,40,58,40,54
979,1036,1025,1039,1027,236,1027,74,46,10,46,81
980,1028,1026,1032,1035,244,1035,113,7,36,7,101
981,1018,1033,1034,1028,406,1028,58,62,46,62,42
982,1008,1017,1027,1017,235,1017,64,56,31,56,61
983,946,1002,964,1005,637,1005,114,6,64,6,98
984,972,953,934,943,642,943,73,47,68,47,31
985,984,982,984,971,900,971,111,9,81,9,81
986,998,986,998,983,820,983,80,40,58,40,54
987,1000,1000,1011,996,344,996,108,12,58,12,92
988,947,998,965,999,1176,999,116,4,72,4,96
989,890,944,910,946,909,946,110,10,22,10,101
990,875,887,896,889,837,889,58,62,81,62,0
991,901,886,865,874,891,874,42,78,16,78,54
992,929,911,888,901,953,901,99,21,18,21,95
993,962,947,946,929,1484,929,99,21,76,21,59
994,952,956,966,960,971,960,101,19,72,19,69
995,919,941,932,951,870,951,120,0,0,0,109
996,904,912,903,921,737,921,80,40,58,40,54
997,915,901,913,904,376,904,97,23,53,23,78
998,860,905,883,915,757,915,111,9,46,9,99
999,871,863,861,858,1007,858,108,12,0,12,105
1000,884,872,870,872,851,872,113,7,36,7,101
1001,905,913,893,884,670,884,58,62,0,62,81
1002,914,897,912,906,462,906,80,40,36,40,69
1003,948,929,917,914,421,914,105,15,31,15,98
1004,961,950,957,948,427,948,49,71,41,71,37
1005,941,948,953,961,38,961,64,56,0,56,84
1006,944,936,943,938,603,938,71,49,41,49,59
1007,872,927,892,944,1391,944,42,78,22,78,47
1008,877,862,850,871,818,871,89,31,0,31,96
1009,849,868,868,877,430,877,98,22,58,22,77
1010,843,843,851,849,599,849,101,19,22,19,96
1011,882,865,855,843,912,843,64,56,64,56,28
1012,861,873,884,882,1482,882,27,93,41,93,13
1013,930,919,878,859,1042,859,85,35,28,35,81
1014,934,925,925,930,727,930,58,62,0,62,81
1015,907,934,924,933,811,933,86,34,33,34,78
1016,913,903,915,907,618,907,95,25,0,25,99
1017,883,898,904,913,1698,913,37,83,14,83,50
1018,840,875,863,883,854,883,80,40,36,40,69
1019,855,850,853,841,817,841,105,15,89,15,28
1020,818,844,838,860,619,860,92,28,31,28,84
1021,852,869,834,817,756,817,111,9,46,9,99
1022,832,835,833,852,630,852,120,0,87,0,92
1023,821,836,840,832,887,832,80,40,46,40,63
1024,750,802,769,819,978,819,118,2,58,2,101
1025,743,732,756,748,595,748,110,10,72,10,86
1026,748,730,745,741,827,741,106,14,76,14,75
1027,810,799,768,746,1189,746,80,40,6,40,86
1028,820,823,810,810,1463,810,80,40,0,40,92
1029,863,845,831,822,781,822,106,14,41,14,95
1030,830,859,854,862,579,862,98,22,0,22,100
1031,848,832,842,831,368,831,111,9,46,9,99
1032,839,833,841,848,831,848,97,23,53,23,78
1033,842,829,808,840,1094,840,108,12,87,12,54
1034,844,842,849,844,910,844,113,7,0,7,107
1035,802,828,824,845,998,845,25,95,10,95,42
1036,826,824,819,802,1609,802,101,19,87,19,34
1037,870,858,844,827,1048,827,105,15,31,15,98
1038,874,884,891,870,1010,870,108,12,26,12,100
1039,893,894,894,879,1125,879,116,4,51,4,101
1040,928,910,905,893,1011,893,86,34,33,34,78
1041,937,939,935,928,1057,928,98,22,58,22,77
1042,931,945,950,936,1090,936,89,31,22,31,86
1043,955,940,926,931,1049,931,105,15,64,15,84
1044,981,966,947,956,963,956,120,0,0,0,109
1045,991,976,991,982,607,982,80,40,26,40,77
1046,1043,1027,1005,991,657,991,93,27,58,27,69
1047,1062,1054,1054,1043,495,1043,47,73,31,73,45
1048,1065,1052,1057,1060,473,1060,108,12,78,12,77
1049,1047,1067,1053,1063,787,1063,52,68,0,68,77
1050,1049,1039,1055,1046,844,1046,95,25,0,25,99
1051,1044,1047,1057,1047,614,1047,108,12,26,12,100
1052,1003,1037,1018,1042,580,1042,80,40,16,40,83
1053,980,995,995,1002,928,1002,120,0,46,0,106
1054,956,977,977,980,913,980,113,7,0,7,107
1055,989,974,954,954,970,954,95,25,81,25,42
1056,969,985,990,987,1491,987,111,9,81,9,81
1057,990,984,967,967,974,967,111,9,81,9,81
1058,1016,997,1007,988,649,988,80,40,36,40,69
1059,954,1001,974,1016,678,1016,47,73,31,73,45
1060,936,961,956,952,755,952,89,31,63,31,60
1061,979,960,953,935,988,935,105,15,83,15,61
1062,923,962,945,978,739,978,80,40,78,40,24
1063,898,917,920,920,812,920,120,0,91,0,81
1064,957,943,919,897,1158,897,31,89,0,89,61
1065,996,980,970,955,549,955,104,16,20,16,99
1066,997,988,1000,995,601,995,64,56,0,56,84
1067,1041,1024,1004,998,810,998,101,19,22,19,96
1068,1061,1046,1041,1040,796,1040,104,16,67,16,81
1069,1046,1059,1049,1059,593,1059,115,5,58,5,100
1070,1024,1036,1048,1045,1253,1045,58,62,61,62,25
1071,1021,1007,1008,1023,934,1023,95,25,46,25,81
1072,1040,1031,1016,1020,993,1020,61,59,58,59,34
1073,1055,1045,1058,1039,862,1039,105,15,64,15,84
1074,1002,1041,1023,1051,770,1051,87,33,76,33,37
1075,994,993,997,1001,868,1001,120,0,46,0,106
1076,1020,999,1002,992,769,992,80,40,0,40,92
1077,1033,1019,1030,1018,807,1018,71,49,18,49,75
1078,1053,1040,1038,1031,893,1031,95,25,67,25,63
1079,1050,1049,1059,1050,1045,1050,120,0,0,0,109
1080,1059,1055,1063,1048,1814,1048,61,59,36,59,54
1081,1039,1043,1051,1057,1177,1057,80,40,75,40,28
1082,1037,1034,1050,1038,1196,1038,87,33,62,33,59
1083,966,1016,986,1036,1192,1036,98,22,26,22,92
1084,953,954,973,965,461,965,95,25,81,25,42
1085,951,952,971,953,514,953,95,25,46,25,81
1086,933,946,952,950,519,950,105,15,64,15,84
1087,910,920,930,933,1282,933,80,40,72,40,34
1088,967,949,921,910,1001,910,101,19,36,19,92
1089,974,955,963,966,591,966,42,78,16,78,54
1090,976,965,979,972,385,972,52,68,26,68,54
1091,965,975,982,973,973,973,49,71,41,71,37
1092,983,979,980,964,1329,964,101,19,72,19,69
1093,973,971,985,981,665,981,105,15,31,15,98
1094,977,973,960,974,1015,974,86,34,33,34,78
1095,978,970,983,975,307,975,42,78,22,78,47
1096,959,964,961,976,750,976,92,28,31,28,84
1097,970,957,972,959,801,959,80,40,0,40,92
1098,964,967,976,969,1207,969,105,15,0,15,103
1099,950,951,969,962,1588,962,110,10,51,10,96
1100,916,938,936,949,919,949,108,12,58,12,92
1101,939,935,931,916,840,916,95,25,46,25,81
1102,942,926,941,942,743,942,95,25,46,25,81
1103,920,928,944,939,635,939,89,31,0,31,96
1104,949,930,923,919,790,919,101,19,72,19,69
1105,945,942,955,947,1134,947,87,33,0,33,95
1106,940,932,949,945,958,945,52,68,0,68,77
1107,935,937,937,941,685,941,95,25,81,25,42
1108,938,921,942,934,584,934,38,82,0,82,66
1109,895,923,918,937,1008,937,98,22,0,22,100
1110,897,890,909,895,663,895,101,19,72,19,69
1111,880,904,901,898,1014,898,92,28,0,28,98
1112,885,881,881,880,1238,880,101,19,51,19,86
1113,887,871,866,885,878,885,120,0,0,0,109
1114,906,888,900,887,1205,887,49,71,18,71,59
1115,911,916,914,905,882,905,64,56,31,56,61
1116,888,900,887,909,929,909,58,62,0,62,81
1117,896,877,895,888,816,888,31,89,0,89,61
1118,900,896,906,896,1073,896,71,49,18,49,75
1119,876,882,898,900,1649,900,111,9,81,9,81
1120,862,861,879,875,1054,875,120,0,93,0,69
1121,835,847,852,861,1115,861,101,19,51,19,86
1122,823,840,843,838,1060,838,52,68,26,68,54
1123,833,817,809,823,1175,823,52,68,26,68,54
1124,829,821,827,834,847,834,23,97,26,97,24
1125,831,816,835,829,874,829,71,49,0,49,87
1126,813,831,830,833,989,833,99,21,62,21,75
1127,801,801,818,809,774,809,87,33,62,33,59
1128,816,803,817,801,886,801,101,19,0,19,101
1129,822,808,803,820,1147,820,38,82,42,82,24
1130,812,807,820,821,1030,821,86,34,53,34,65
1131,774,820,791,813,1100,813,61,59,16,59,69
1132,790,781,789,771,420,771,114,6,31,6,103
1133,756,782,773,790,0,790,52,68,58,68,24
1134,792,784,771,754,230,754,80,40,0,40,92
1135,794,788,799,793,413,793,108,12,58,12,92
1136,760,783,778,794,182,794,101,19,0,19,101
1137,746,742,767,757,1088,757,35,85,46,85,15
1138,744,725,734,744,1193,744,101,19,36,19,92
1139,674,724,686,742,1209,742,87,33,62,33,59
1140,690,684,682,671,927,671,113,7,36,7,101
1141,691,692,695,687,1810,687,120,0,93,0,69
1142,684,691,697,689,944,689,92,28,31,28,84
1143,702,688,690,680,1171,680,52,68,26,68,54
1144,716,733,713,701,1261,701,95,25,20,25,92
1145,763,741,719,716,1067,716,106,14,76,14,75
1146,713,752,732,761,1116,761,71,49,62,49,37
1147,767,749,724,711,1214,711,74,46,28,46,69
1148,754,766,750,764,1241,764,87,33,18,33,87
1149,742,753,758,752,1038,752,101,19,72,19,69
1150,717,744,741,740,1111,740,38,82,26,82,38
1151,718,731,738,714,1077,714,4,116,0,116,24
1152,725,708,729,715,1017,715,87,33,18,33,87
1153,645,703,659,723,1703,723,80,40,75,40,28
1154,635,637,649,642,1132,642,106,14,41,14,95
1155,574,626,592,633,1462,633,42,78,46,78,25
1156,578,572,591,575,284,575,97,23,53,23,78
1157,627,609,597,580,1095,580,76,44,34,44,67
1158,640,629,635,625,1058,625,80,40,0,40,92
1159,679,668,642,640,1251,640,71,49,41,49,59
1160,673,672,685,677,1323,677,47,73,31,73,45
1161,698,687,675,672,1247,672,94,26,54,26,73
1162,737,721,708,696,1217,696,68,52,22,52,69
1163,735,736,735,739,1,739,105,15,0,15,103
1164,758,738,744,733,736,733,54,66,0,66,78
1165,697,740,710,755,921,755,95,25,72,25,58
1166,676,690,689,693,1211,693,95,25,46,25,81
1167,759,737,683,674,1314,674,98,22,26,22,92
1168,728,745,736,759,1026,759,80,40,20,40,81
1169,709,711,707,729,771,729,92,28,0,28,98
1170,723,702,699,706,822,706,101,19,51,19,86
1171,686,709,698,722,1145,722,89,31,72,31,47
1172,660,677,671,683,1114,683,80,40,87,40,0
1173,704,689,667,658,1524,658,95,25,46,25,81
1174,777,756,721,702,1352,702,58,62,0,62,81
1175,769,764,777,776,1197,776,108,12,0,12,105
1176,692,777,704,767,1639,767,98,22,26,22,92
1177,667,678,677,690,1339,690,95,25,46,25,81
1178,699,683,676,665,1174,665,80,40,0,40,92
1179,680,686,693,697,1180,697,68,52,51,52,47
1180,641,670,655,678,1668,678,120,0,0,0,109
1181,630,633,625,638,1215,638,97,23,33,23,88
1182,651,643,643,628,1246,628,108,12,58,12,92
1183,599,647,604,648,1442,648,95,25,46,25,81
1184,659,645,622,599,981,599,98,22,58,22,77
1185,623,646,646,657,908,657,58,62,20,62,63
1186,634,615,621,620,1020,620,71,49,0,49,87
1187,609,639,630,632,1365,632,80,40,0,40,92
1188,614,596,618,608,905,608,120,0,72,0,101
1189,533,589,569,613,1021,613,105,15,0,15,103
1190,542,554,555,534,1363,534,25,95,0,95,58
1191,498,517,505,541,1380,541,105,15,31,15,98
1192,469,484,477,498,1558,498,64,56,31,56,61
1193,443,458,404,471,1676,471,120,0,0,0,109
1194,493,490,463,445,1616,445,98,22,87,22,24
1195,555,526,511,494,1495,494,101,19,51,19,86
1196,514,561,526,556,1389,556,89,31,22,31,86
1197,565,567,539,515,1265,515,80,40,0,40,92
1198,523,574,554,566,1493,566,120,0,87,0,92
1199,464,503,484,524,1557,524,98,22,26,22,92
1200,456,455,460,465,1548,465,120,0,0,0,109
1201,540,513,451,458,1729,458,92,28,64,28,61
1202,604,596,574,543,1541,543,80,40,0,40,92
1203,600,622,620,603,1133,603,42,78,58,78,11
1204,632,611,595,600,1138,600,38,82,42,82,24
1205,615,618,628,629,1838,629,80,40,46,40,63
1206,577,590,593,613,1264,613,54,66,53,66,31
1207,535,577,538,578,1399,578,108,12,0,12,105
1208,526,520,533,535,1379,535,71,49,41,49,59
1209,506,504,494,528,1425,528,111,9,46,9,99
1210,584,566,522,507,1567,507,98,22,58,22,77
1211,606,602,600,585,1271,585,120,0,46,0,106
1212,547,586,578,607,1219,607,31,89,31,89,28
1213,576,555,521,548,1521,548,71,49,41,49,59
1214,626,608,585,577,1280,577,89,31,72,31,47
1215,654,657,647,624,1304,624,64,56,31,56,61
1216,646,654,651,652,1570,652,101,19,72,19,69
1217,637,641,634,644,1326,644,108,12,58,12,92
1218,583,620,601,637,1299,637,113,7,72,7,92
1219,554,568,519,584,1621,584,95,25,58,25,72
1220,585,582,571,554,1648,554,58,62,0,62,81
1221,559,570,573,586,1562,586,80,40,58,40,54
1222,482,535,503,560,1619,560,80,40,26,40,77
1223,472,495,493,484,1560,484,58,62,0,62,81
1224,505,509,488,474,1766,474,73,47,53,47,50
1225,603,583,509,505,1735,505,101,19,84,19,47
1226,597,617,609,604,1254,604,99,21,85,21,37
1227,624,607,603,601,1360,601,120,0,0,0,109
1228,581,606,598,622,1364,622,92,28,0,28,98
1229,550,571,580,582,1566,582,54,66,14,66,65
1230,455,563,476,550,1815,550,92,28,49,28,74
1231,573,553,468,455,1817,455,62,58,34,58,57
1232,471,556,453,576,1842,576,58,62,46,62,42
1233,616,591,490,472,1868,472,64,56,0,56,84
1234,596,625,579,617,1824,617,101,19,0,19,101
1235,695,680,619,596,1718,596,113,7,72,7,92
1236,689,681,680,694,1427,694,74,46,28,46,69
1237,751,729,702,688,1470,688,92,28,0,28,98
1238,753,775,733,750,1333,750,113,7,0,7,107
1239,779,760,761,751,1576,751,115,5,78,5,92
1240,795,796,793,779,1061,779,101,19,72,19,69
1241,841,825,804,795,1332,795,110,10,51,10,96
1242,867,848,860,842,1031,842,115,5,58,5,100
1243,889,874,871,867,857,867,101,19,72,19,69
1244,903,889,902,890,940,890,16,104,0,104,47
1245,856,892,880,903,1366,903,95,25,0,25,99
1246,865,853,877,857,980,857,52,68,8,68,66
1247,807,856,828,865,1232,865,101,19,84,19,47
1248,836,818,805,807,1064,807,113,7,72,7,92
1249,825,826,837,836,1511,836,101,19,0,19,101
1250,838,846,839,825,986,825,95,25,81,25,42
1251,828,857,849,839,977,839,68,52,22,52,69
1252,845,838,848,828,1187,828,120,0,72,0,101
1253,886,870,856,846,904,846,108,12,0,12,105
1254,899,879,882,886,887,886,92,28,64,28,61
1255,878,893,899,899,1110,899,47,73,11,73,61
1256,854,867,873,876,897,876,80,40,0,40,92
1257,858,852,874,855,784,855,111,9,46,9,99
1258,819,849,836,863,995,863,105,15,64,15,84
1259,783,806,797,818,1313,818,120,0,58,0,105
1260,764,778,781,782,1153,782,68,52,22,52,69
1261,724,747,747,762,925,762,114,6,83,6,84
1262,700,718,716,720,1301,720,95,25,87,25,15
1263,726,706,715,698,1692,698,80,40,72,40,34
1264,747,720,705,725,1468,725,101,19,36,19,92
1265,765,750,766,745,814,745,80,40,0,40,92
1266,736,754,760,763,1051,763,42,78,51,78,19
1267,714,719,725,734,835,734,115,5,78,5,92
1268,705,710,723,712,1773,712,101,19,72,19,69
1269,696,696,706,703,1375,703,64,56,75,56,8
1270,734,712,701,695,1330,695,93,27,36,27,83
1271,703,726,720,732,1161,732,80,40,36,40,69
1272,701,697,714,700,1105,700,120,0,0,0,109
1273,749,727,718,699,1305,699,35,85,46,85,15
1274,727,743,748,747,1072,747,52,68,58,68,24
1275,732,717,742,724,1131,724,108,12,87,12,54
1276,740,739,753,731,1186,731,68,52,22,52,69
1277,755,735,755,736,1222,736,105,15,83,15,61
1278,781,762,765,753,1139,753,80,40,58,40,54
1279,793,787,785,780,1128,780,60,60,54,60,36
1280,857,837,802,792,1334,792,74,46,46,46,58
1281,827,841,846,854,1476,854,120,0,58,0,105
1282,814,822,832,826,821,826,101,19,0,19,101
1283,811,812,811,815,1068,815,95,25,46,25,81
1284,800,810,807,812,1035,812,89,31,51,31,69
1285,806,805,821,800,1038,800,95,25,81,25,42
1286,847,830,816,806,1083,806,87,33,41,33,75
1287,873,855,859,847,1281,847,71,49,41,49,59
1288,853,864,869,873,1148,873,31,89,0,89,61
1289,834,839,845,853,1283,853,107,13,61,13,89
1290,850,834,826,835,1402,835,95,25,81,25,42
1291,869,866,867,851,1397,851,61,59,16,59,69
1292,894,878,876,869,1248,869,80,40,0,40,92
1293,879,880,872,894,1515,894,24,96,21,96,32
1294,908,891,885,878,1438,878,95,25,87,25,15
1295,891,902,911,911,1124,911,111,9,46,9,99
1296,881,883,897,891,911,891,92,28,0,28,98
1297,864,895,886,881,1240,881,93,27,72,27,54
1298,902,885,864,864,1295,864,14,106,11,106,28
1299,921,908,907,902,1405,902,95,25,81,25,42
1300,922,915,928,923,1390,923,42,78,72,78,0
1301,925,924,939,922,1084,922,71,49,18,49,75
1302,912,914,929,924,1804,924,92,28,31,28,84
1303,892,899,908,912,1062,912,115,5,87,5,77
1304,868,876,889,892,1167,892,52,68,26,68,54
1305,837,860,858,868,1344,868,105,15,64,15,84
1306,846,827,847,837,856,837,80,40,31,40,74
1308,785,819,798,830,1459,830,101,19,87,19,34
1309,768,773,788,784,1074,784,101,19,36,19,92
1310,798,791,764,766,1381,766,80,40,58,40,54
1311,789,792,800,798,1590,798,114,6,0,6,108
1312,787,786,776,789,985,789,108,12,78,12,77
1313,784,790,792,786,725,786,93,27,58,27,69
1314,805,793,794,783,946,783,68,52,0,52,86
1315,804,813,822,805,606,805,101,19,72,19,69
1316,817,814,813,804,780,804,31,89,0,89,61
1317,824,811,815,816,1150,816,71,49,18,49,75
1318,808,815,829,824,1328,824,80,40,16,40,83
1319,815,809,823,811,1002,811,58,62,0,62,81
1320,803,800,825,814,669,814,64,56,49,56,45
1321,797,804,814,803,1052,803,97,23,79,23,50
1322,799,794,812,797,1354,797,31,89,0,89,61
1323,788,795,801,799,980,799,92,28,64,28,61
1324,766,779,780,788,859,788,8,112,36,112,0
1325,774,772,787,765,785,765,61,59,0,59,83
1326,761,768,779,772,867,772,99,21,41,21,87
1327,739,748,762,760,892,760,64,56,0,56,84
1328,715,723,727,735,911,735,92,28,64,28,61
1329,719,705,737,713,681,713,80,40,36,40,69
1330,688,713,700,717,1012,717,95,25,46,25,81
1331,675,685,687,686,1785,686,95,25,81,25,42
1332,655,669,666,673,1327,673,64,56,64,56,28
1333,687,673,658,651,1644,651,18,102,2,102,37
1334,711,695,678,685,1544,685,90,30,70,30,54
1335,722,701,711,710,1190,710,58,62,61,62,25
1336,706,715,717,721,1016,721,8,112,36,112,0
1337,771,751,728,707,1316,707,120,0,87,0,92
1338,770,767,774,769,849,769,42,78,22,78,47
1339,738,763,757,770,1151,770,116,4,84,4,86
1340,762,761,746,737,1289,737,52,68,26,68,54
1341,782,771,759,758,1223,758,101,19,72,19,69
1342,733,776,754,781,1141,781,38,82,26,82,38
1343,729,722,740,728,1046,728,101,19,28,19,94
1344,775,769,749,726,1336,726,80,40,67,40,42
1345,752,757,770,773,1434,773,93,27,36,27,83
1346,730,734,751,749,1050,749,71,49,41,49,59
1347,745,728,731,730,1388,730,93,27,36,27,83
1348,772,755,752,743,1498,743,7,113,5,113,17
1349,809,797,782,768,1445,768,42,78,61,78,7
1350,796,798,806,808,1573,808,92,28,31,28,84
1351,791,789,796,796,883,796,89,31,72,31,47
1352,773,785,790,791,1040,791,98,22,0,22,100
1353,785,770,786,774,1005,774,92,28,49,28,74
1354,786,774,795,785,1041,785,104,16,67,16,81
1355,776,780,783,787,1347,787,101,19,72,19,69
1356,780,759,775,775,1686,775,64,56,64,56,28
1357,778,765,784,778,1188,778,87,33,18,33,87
1358,757,758,772,777,830,777,31,89,31,89,28
1359,741,746,763,756,901,756,98,22,0,22,100
1360,731,716,743,738,764,738,115,5,78,5,92
1361,721,714,730,727,1018,727,61,59,58,59,34
1362,720,707,739,719,1013,719,86,34,53,34,65
1363,694,704,709,718,1318,718,80,40,81,40,15
1364,683,679,694,692,1467,692,108,12,78,12,77
1365,712,698,692,681,1501,681,119,1,83,1,92
1366,710,699,726,709,1235,709,92,28,64,28,61
1367,707,700,722,708,1240,708,92,28,31,28,84
1368,708,694,712,704,1394,704,97,23,33,23,88
1369,693,693,703,705,1345,705,120,0,83,0,98
1370,681,682,696,691,1635,691,80,40,32,40,72
1371,682,671,684,679,1317,679,105,15,31,15,98
1372,685,675,691,682,1218,682,101,19,72,19,69
1373,678,674,688,684,1455,684,42,78,51,78,19
1374,671,667,679,676,1439,676,120,0,72,0,101
1375,672,662,681,668,1178,668,80,40,87,40,0
1376,664,664,673,670,1027,670,58,62,46,62,42
1377,658,651,668,661,1137,661,80,40,58,40,54
1378,663,648,661,655,1079,655,85,35,72,35,42
1379,666,659,663,662,1369,662,101,19,58,19,83
1380,669,660,672,664,1403,664,98,22,26,22,92
1381,665,661,670,667,1249,667,38,82,26,82,38
1382,662,650,669,663,1307,663,49,71,41,71,37
1383,650,653,662,660,1456,660,36,84,59,84,1
1384,647,636,652,649,373,649,80,40,36,40,69
1385,652,635,657,645,129,645,95,25,81,25,42
1386,648,638,660,650,142,650,86,34,68,34,50
1387,643,634,653,647,662,647,93,27,36,27,83
1388,649,630,650,641,129,641,52,68,70,68,6
1389,644,632,654,646,474,646,61,59,16,59,69
1390,638,627,651,643,768,643,95,25,67,25,63
1391,622,621,645,636,731,636,73,47,14,47,78
1392,625,614,637,620,815,620,99,21,18,21,95
1393,628,610,640,623,1787,623,58,62,72,62,7
1394,619,613,631,626,1191,626,113,7,36,7,101
1395,620,616,638,618,1378,618,111,9,46,9,99
1396,611,612,633,619,1073,619,54,66,33,66,50
1397,602,604,627,611,1086,611,108,12,26,12,100
1398,592,585,615,605,1093,605,8,112,0,112,34
1399,593,584,611,593,1236,593,87,33,18,33,87
1400,589,579,610,594,1099,594,80,40,49,40,61
1401,591,597,614,590,1287,590,38,82,70,82,0
1402,594,580,613,591,776,591,52,68,26,68,54
1403,590,578,608,595,1071,595,35,85,46,85,15
1404,579,575,596,592,1492,592,80,40,58,40,54
1405,510,562,541,579,1450,579,27,93,18,93,37
1406,525,505,523,510,1586,510,95,25,61,25,69
1407,529,508,520,526,1087,526,52,68,26,68,54
1408,562,539,561,530,63,530,85,35,81,35,25
1409,522,542,551,563,959,563,80,40,67,40,42
1410,560,538,535,523,1401,523,104,16,46,16,92
1411,568,547,557,561,1101,561,80,40,0,40,92
1412,561,548,575,569,1529,569,105,15,64,15,84
1413,512,545,543,562,1258,562,101,19,36,19,92
1414,516,500,534,512,1164,512,25,95,10,95,42
1415,567,541,532,522,1645,522,49,71,41,71,37
1416,566,564,584,568,1123,568,38,82,26,82,38
1417,582,565,581,567,1522,567,101,19,36,19,92
1418,586,569,590,583,1715,583,73,47,68,47,31
1419,587,573,594,589,1203,589,58,62,28,62,58
1420,601,588,605,587,1182,587,68,52,0,52,86
1421,618,593,616,602,1020,602,105,15,64,15,84
1422,617,598,626,616,1490,616,81,39,50,39,64
1423,571,594,587,615,1589,615,73,47,14,47,78
1424,563,552,567,572,1300,572,50,70,21,70,57
1425,543,551,576,565,1080,565,93,27,72,27,54
1426,538,557,559,542,1078,542,85,35,46,35,69
1427,539,516,563,539,1377,539,42,78,16,78,54
1428,544,537,556,537,1126,537,120,0,91,0,81
1429,558,534,547,545,1227,545,80,40,20,40,81
1430,556,540,565,559,1157,559,73,47,33,47,65
1431,546,559,577,557,1239,557,58,62,0,62,81
1432,552,532,572,546,534,546,92,28,0,28,98
1433,534,549,560,553,1302,553,31,89,0,89,61
1434,503,527,527,536,1535,536,80,40,46,40,63
1435,548,518,514,504,1630,504,101,19,84,19,47
1436,528,532,558,551,1382,551,104,16,20,16,99
1437,531,521,544,529,1748,529,86,34,53,34,65
1438,532,512,549,532,1417,532,68,52,51,52,47
1439,520,531,548,533,1554,533,99,21,41,21,87
1440,513,501,512,520,1120,520,61,59,36,59,54
1441,509,497,531,514,672,514,68,52,36,52,60
1442,499,498,520,511,1096,511,80,40,46,40,63
1443,501,493,510,500,996,500,115,5,87,5,77
1444,497,489,515,501,1194,501,80,40,46,40,63
1445,461,488,481,499,1512,499,111,9,46,9,99
1446,475,462,472,462,1165,462,93,27,16,27,92
1447,468,464,485,476,1181,476,95,25,46,25,81
1448,476,482,480,470,1505,470,58,62,20,62,63
1449,484,466,487,478,1154,478,101,19,72,19,69
1450,470,471,475,486,1228,486,92,28,83,28,28
1451,485,467,489,473,1019,473,92,28,0,28,98
1452,446,463,464,487,1310,487,47,73,31,73,45
1453,458,448,461,446,1130,446,93,27,58,27,69
1454,463,454,471,459,1243,459,105,15,83,15,61
1455,462,460,473,464,1357,464,71,49,41,49,59
1456,431,450,454,463,1135,463,107,13,81,13,69
1457,428,430,444,432,1798,432,42,78,61,78,7
1458,426,420,433,429,1250,429,52,68,26,68,54
1459,414,415,423,426,1231,426,49,71,18,71,59
1460,417,416,426,415,1398,415,113,7,0,7,107
1461,401,407,418,417,1385,417,64,56,31,56,61
1462,384,382,403,401,979,401,50,70,0,70,76
1463,371,384,397,384,1195,384,111,9,46,9,99
1464,357,361,380,369,1224,369,80,40,75,40,28
1465,395,374,378,358,1066,358,80,40,64,40,45
1466,351,375,373,396,1244,396,58,62,20,62,63
1467,334,332,351,350,1075,350,71,49,41,49,59
1468,284,322,305,333,1464,333,64,56,49,56,45
1469,282,278,289,283,1652,283,58,62,20,62,63
1470,309,292,302,281,1081,281,38,82,26,82,38
1471,277,293,285,309,1474,309,80,40,72,40,34
1472,293,282,293,277,1291,277,113,7,72,7,92
1473,290,280,287,293,1341,293,89,31,51,31,69
1474,313,295,298,289,1550,289,110,10,84,10,69
1475,323,326,330,314,1270,314,42,78,36,78,34
1476,335,320,327,323,1638,323,23,97,26,97,24
1477,382,358,341,336,1565,336,87,33,76,33,37
1478,374,383,377,385,1242,385,42,78,36,78,34
1479,343,386,366,379,1389,379,105,15,83,15,61
1480,344,336,340,343,1039,343,97,23,86,23,31
1481,348,341,363,344,1089,344,106,14,85,14,59
1482,360,343,358,349,1536,349,111,9,91,9,42
1483,441,427,391,366,1528,366,98,22,87,22,24
1484,452,439,441,443,1457,443,93,27,36,27,83
1485,444,445,462,453,1220,453,19,101,14,101,31
1486,447,433,431,444,1119,444,80,40,0,40,92
1487,449,436,455,449,972,449,80,40,46,40,63
1488,440,440,458,450,1272,450,111,9,0,9,106
1489,448,435,452,441,1208,441,97,23,68,23,65
1490,404,437,421,448,1233,448,80,40,67,40,42
1491,403,395,384,404,1475,404,80,40,20,40,81
1492,408,413,398,406,1447,406,89,31,51,31,69
1493,415,403,420,410,1183,410,71,49,62,49,37
1494,413,409,425,416,1315,416,110,10,72,10,86
1495,385,402,405,414,1308,414,27,93,41,93,13
1496,349,371,364,386,1436,386,105,15,83,15,61
1497,302,344,324,352,1448,352,42,78,72,78,0
1498,326,319,313,303,1459,303,101,19,72,19,69
1499,310,309,303,326,1409,326,20,100,24,100,21
1500,299,298,315,311,1296,311,87,33,62,33,59
1501,359,342,316,300,1764,300,76,44,48,44,57
1502,362,349,347,360,1483,360,80,40,81,40,15
1503,364,353,367,364,1479,364,85,35,28,35,81
1504,324,355,342,361,1309,361,80,40,58,40,54
1505,321,307,326,324,890,324,105,15,0,15,103
1506,307,302,323,321,924,321,49,71,41,71,37
1507,285,291,306,306,1396,306,113,7,36,7,101
1508,248,269,254,285,1530,285,110,10,72,10,86
1509,240,254,244,247,1664,247,101,19,84,19,47
1510,246,239,241,239,1435,239,42,78,0,78,69
1511,252,244,242,245,1666,245,89,31,84,31,19
1512,264,259,258,251,1592,251,60,60,24,60,62
1513,305,288,269,264,1706,264,60,60,39,60,51
1514,308,303,321,305,1202,305,63,57,23,57,65
1515,311,304,317,307,1845,307,61,59,16,59,69
1516,342,325,325,310,1622,310,68,52,51,52,47
1517,341,347,343,342,1412,342,52,68,42,68,38
1518,393,391,361,340,1288,340,64,56,31,56,61
1519,399,417,401,393,1210,393,31,89,19,89,39
1520,390,388,410,397,1769,397,53,67,31,67,52
1521,381,370,371,390,1322,390,80,40,72,40,34
1522,378,362,379,382,1212,382,80,40,51,40,60
1523,316,356,338,377,1453,377,83,37,34,37,76
1524,322,335,336,316,1301,316,46,74,39,74,36
1525,312,305,318,322,1361,322,62,58,48,58,44
1526,268,297,279,312,1539,312,42,78,10,78,58
1527,271,276,275,268,1546,268,65,55,50,55,46
1528,260,264,259,271,1662,271,75,45,7,45,82
1529,270,267,268,259,1547,259,50,70,34,70,44
1530,329,311,278,270,1655,270,84,36,24,36,82
1531,330,330,334,330,1293,330,23,97,4,97,42
1532,287,312,308,329,1440,329,91,29,38,29,80
1533,304,306,304,287,1542,287,37,83,33,83,31
1534,331,315,319,304,1617,304,27,93,29,93,26
1535,275,318,294,331,1670,331,108,12,82,12,69
1536,291,296,291,276,1743,276,85,35,81,35,25
1537,295,274,265,291,1747,291,28,92,30,92,27
1538,317,300,310,295,1488,295,31,89,31,89,28
1539,296,301,283,317,1848,317,80,40,78,40,24
1540,392,369,312,297,1790,297,56,64,22,64,60
1541,410,401,374,395,1672,395,15,105,38,105,1
1542,438,443,424,412,1626,412,60,60,66,60,21
1543,435,431,414,439,1543,439,64,56,49,56,45
1544,466,451,437,437,1654,437,46,74,7,74,62
1545,489,478,483,467,1443,467,36,84,27,84,35
1546,460,475,478,491,1421,491,23,97,26,97,24
1547,465,468,466,461,1552,461,56,64,22,64,60
1548,368,461,396,468,1740,468,58,62,20,62,63
1549,412,410,348,367,1840,367,52,68,58,68,24
1550,486,469,276,413,1857,413,8,112,0,112,34
1551,494,481,491,488,1526,488,62,58,60,58,32
1552,553,524,508,496,1613,496,59,61,41,61,49
1553,511,536,542,555,1303,555,56,64,22,64,60
1554,557,544,540,513,1650,513,68,52,36,52,60
1555,524,543,553,558,1408,558,64,56,31,56,61
1556,504,507,525,525,1595,525,83,37,5,37,91
1557,569,550,528,506,1667,506,14,106,11,106,28
1558,570,560,583,571,1393,571,64,56,49,56,45
1559,545,546,570,570,1473,570,93,27,58,27,69
1560,537,525,545,547,1506,547,53,67,31,67,52
1561,536,528,562,544,1370,544,87,33,41,33,75
1562,530,523,564,538,1284,538,61,59,58,59,34
1563,517,511,530,531,1507,531,52,68,42,68,38
1564,551,529,529,517,1801,517,23,97,0,97,54
1565,541,530,566,552,1458,552,38,82,26,82,38
1566,519,514,546,540,1551,540,34,86,24,86,36
1567,508,499,524,518,1343,518,80,40,0,40,92
1568,507,496,537,509,1112,509,88,32,67,32,54
1569,495,494,517,508,1082,508,36,84,17,84,46
1570,490,483,500,497,1156,497,59,61,29,61,59
1571,500,487,501,492,1358,492,58,62,32,62,54
1572,502,491,518,502,1163,502,103,17,53,17,88
1573,496,492,516,503,971,503,56,64,51,64,34
1574,483,486,504,497,1160,497,90,30,58,30,66
1575,492,474,497,485,1423,485,92,28,49,28,74
1576,488,480,506,493,1063,493,11,109,31,109,2
1577,480,477,502,490,939,490,80,40,16,40,83
1578,478,476,492,481,1286,481,74,46,0,46,89
1579,477,485,499,480,1437,480,21,99,19,99,28
1580,487,472,495,479,1413,479,16,104,22,104,19
1581,467,473,486,489,1371,489,63,57,14,57,70
1582,459,456,470,469,1136,469,58,62,58,62,30
1583,465,457,469,460,1844,460,72,48,26,48,69
1584,457,452,474,466,1104,466,34,86,7,86,51
1585,451,449,467,457,1407,457,29,91,36,91,19
1586,442,438,457,452,1563,452,79,41,56,41,53
1587,437,428,446,442,1168,442,68,52,51,52,47
1588,434,429,449,438,1216,438,48,72,56,72,22
1589,422,422,430,435,1076,435,101,19,36,19,92
1590,421,419,435,424,1356,424,75,45,39,45,62
1591,420,424,436,422,1532,422,42,78,36,78,34
1592,423,414,438,421,1259,421,80,40,31,40,74
1593,394,408,417,423,1346,423,12,108,20,108,15
1594,373,377,400,394,1213,394,42,78,22,78,47
1595,380,381,395,374,1337,374,56,64,6,64,69
1596,377,379,399,380,1518,380,85,35,46,35,69
1597,353,359,375,376,1274,376,83,37,48,37,67
1598,350,340,360,353,1695,353,23,97,46,97,3
1599,361,346,335,351,1615,351,16,104,22,104,19
1600,338,352,362,365,1324,365,45,75,32,75,42
1601,366,357,357,337,1386,337,80,40,46,40,63
1602,375,364,392,368,1147,368,71,49,18,49,75
1603,370,367,382,375,1612,375,66,54,8,54,77
1604,345,354,365,373,1351,373,42,78,31,78,39
1605,332,331,353,346,1404,346,62,58,71,58,17
1606,301,323,320,332,1591,332,52,68,42,68,38
1607,306,289,297,301,1714,301,47,73,31,73,45
1608,288,294,295,308,1410,308,74,46,46,46,58
1609,292,279,292,288,1306,288,74,46,46,46,58
1610,269,290,281,292,1593,292,68,52,36,52,60
1611,281,271,280,269,1513,269,80,40,20,40,81
1612,280,272,271,282,1734,282,56,64,51,64,34
1613,336,321,301,279,1724,279,45,75,32,75,42
1614,340,328,345,335,1432,335,21,99,43,99,2
1615,315,329,333,341,1597,341,80,40,64,40,45
1616,297,299,314,315,1430,315,40,80,41,80,26
1617,303,310,309,296,1746,296,86,34,53,34,65
1618,327,316,311,302,1607,302,81,39,50,39,64
1619,318,313,322,327,1665,327,18,102,2,102,37
1620,319,324,328,318,1519,318,33,87,26,87,34
1621,314,314,332,319,1509,319,30,90,15,90,42
1622,372,351,329,313,1753,313,57,63,31,63,54
1623,429,425,394,371,1725,371,28,92,37,92,16
1624,454,444,432,430,1454,430,25,95,46,95,7
1625,432,447,448,456,1395,456,27,93,2,93,49
1626,453,442,443,433,1795,433,61,59,82,59,0
1627,450,446,465,454,1441,454,83,37,34,37,76
1628,439,441,456,451,1452,451,65,55,59,55,35
1629,445,432,445,440,1653,440,80,40,41,40,68
1630,436,434,447,447,1325,447,81,39,73,39,35
1631,430,426,442,436,1267,436,94,26,39,26,82
1632,425,423,427,431,1520,431,82,38,64,38,52
1633,424,418,440,427,1353,427,21,99,31,99,14
1634,427,412,434,425,1367,425,68,52,51,52,47
1635,388,421,413,428,1311,428,55,65,45,65,41
1636,419,406,409,388,955,388,23,97,20,97,30
1637,416,404,428,420,608,420,52,68,36,68,43
1638,418,411,439,418,366,418,52,68,42,68,38
1639,411,405,429,419,493,419,43,77,44,77,31
1641,402,390,415,405,638,405,34,86,7,86,51
1642,383,385,406,403,926,403,98,22,78,22,54
1643,355,380,376,383,1206,383,105,15,64,15,84
1644,345,348,355,355,1869,355,75,45,39,45,62
1645,391,368,368,345,1431,345,53,67,19,67,61
1646,396,397,412,392,1477,392,73,47,53,47,50
1647,409,393,411,399,1359,399,42,78,0,78,69
1648,406,399,422,411,1117,411,21,99,3,99,39
1649,376,389,402,407,1312,407,76,44,48,44,57
1650,356,373,381,378,1415,378,74,46,46,46,58
1651,337,338,346,357,1368,357,61,59,36,59,54
1652,367,350,350,338,1540,338,68,52,51,52,47
1653,369,372,388,372,1420,372,98,22,70,22,66
1654,363,400,370,370,1858,370,71,49,0,49,87
1655,400,396,385,363,1618,363,54,66,33,66,50
1656,405,398,408,400,1159,400,89,31,22,31,86
1657,358,394,383,408,1381,408,77,43,43,43,61
1658,346,345,354,359,1549,359,76,44,48,44,57
1659,398,376,344,347,875,347,46,74,39,74,36
1660,389,387,407,402,871,402,61,59,16,59,69
1661,397,378,386,389,1198,389,70,50,46,50,54
1662,347,392,372,398,1328,398,42,78,0,78,69
1663,354,339,359,348,1575,348,52,68,26,68,54
1664,386,360,352,356,1418,356,88,32,74,32,42
1665,387,363,387,387,1221,387,58,62,20,62,63
1666,379,366,389,391,1146,391,64,56,55,56,39
1667,333,365,356,381,1451,381,39,81,34,81,32
1668,320,327,337,334,1230,334,43,77,44,77,31
1669,339,333,331,320,1340,320,54,66,14,66,65
1670,328,337,349,339,1226,339,80,40,22,40,79
1671,325,317,339,328,1406,328,52,68,47,68,34
1672,286,308,307,325,1564,325,60,60,54,60,36
1673,279,273,286,286,1321,286,52,68,65,68,11
1674,259,268,267,280,1486,280,95,25,20,25,92
1675,251,261,263,258,1553,258,20,100,39,100,5
1676,256,242,251,250,1578,250,79,41,56,41,53
1677,243,255,248,256,1614,256,56,64,36,64,47
1678,274,265,250,242,1758,242,66,54,26,54,66
1679,250,266,261,274,1634,274,36,84,17,84,46
1680,266,258,260,249,1659,249,52,68,58,68,24
1681,264,263,272,266,1596,266,52,68,42,68,38
1682,276,277,274,263,1680,263,39,81,34,81,32
1683,300,284,284,275,1728,275,51,69,22,69,55
1684,272,283,282,298,1579,298,32,88,9,88,48
1685,289,286,290,272,1637,272,64,56,43,56,52
1686,298,281,299,290,1504,290,60,60,54,60,36
1687,278,285,300,299,1355,299,59,61,41,61,49
1688,294,274,288,278,1732,278,44,76,17,76,56
1689,283,275,296,294,1642,294,64,56,19,56,69
1690,265,270,277,284,1699,284,109,11,54,11,93
1691,267,257,270,265,1489,265,42,78,22,78,47
1692,263,262,273,267,1155,267,66,54,26,54,66
1693,255,256,262,262,1169,262,45,75,4,75,63
1694,245,250,253,254,1481,254,62,58,21,58,67
1695,244,238,247,243,1234,243,84,36,54,36,62
1696,235,240,239,244,1466,244,77,43,55,43,52
1697,223,229,229,233,1275,233,89,31,36,31,79
1698,227,220,223,223,1531,223,102,18,48,18,91
1699,242,236,233,227,1674,227,80,40,46,40,63
1700,247,241,240,241,1679,241,27,93,41,93,13
1701,257,249,255,246,1113,246,64,56,40,56,54
1702,238,248,245,255,1199,255,66,54,58,54,38
1703,241,237,243,238,1373,238,31,89,31,89,28
1704,249,246,246,240,1446,240,17,103,13,103,30
1705,262,260,256,248,1583,248,49,71,57,71,23
1706,253,251,264,261,1411,261,39,81,60,81,4
1707,261,247,252,252,1269,252,89,31,80,31,34
1708,254,252,266,260,1836,260,64,56,31,56,61
1709,258,253,257,253,1556,253,34,86,7,86,51
1710,239,245,249,257,1610,257,54,66,33,66,50
1712,234,232,237,236,1419,236,69,51,69,51,27
1713,237,234,238,234,1422,234,80,40,41,40,68
1714,232,233,234,237,1587,237,72,48,72,48,24
1715,225,223,228,231,1387,231,47,73,11,73,61
1716,222,218,226,225,1449,225,35,85,46,85,15
1717,215,215,220,221,1097,221,31,89,11,89,45
1718,206,205,212,215,1245,215,54,66,53,66,31
1719,209,203,215,205,1285,205,87,33,41,33,75
1720,224,222,218,208,1677,208,22,98,15,98,33
1721,231,221,224,224,1444,224,93,27,16,27,92
1722,233,231,232,230,1465,230,18,102,29,102,13
1723,230,226,227,232,1200,232,78,42,50,42,56
1724,229,224,230,229,1118,229,35,85,20,85,42
1725,228,228,235,228,1276,228,52,68,26,68,54
1726,226,225,231,227,1384,227,22,98,35,98,10
1727,216,219,222,226,1710,226,80,40,32,40,72
1728,205,207,216,216,1091,216,64,56,55,56,39
1729,199,198,201,204,1294,204,26,94,33,94,20
1730,195,190,203,199,1149,199,15,105,1,105,35
1731,210,199,199,194,1471,194,76,44,21,44,76
1732,220,209,210,212,1268,212,80,40,16,40,83
1733,217,210,219,220,1033,220,39,81,21,81,44
1734,200,212,209,217,1426,217,58,62,46,62,42
1735,214,204,208,200,1255,200,39,81,34,81,32
1736,218,208,217,214,1172,214,81,39,38,39,71
1737,201,214,214,218,1517,218,89,31,0,31,96
1738,204,202,207,201,1623,201,42,78,55,78,14
1739,211,200,206,206,1594,206,25,95,10,95,42
1740,207,201,211,211,1416,211,14,106,11,106,28
1741,197,196,204,207,1538,207,30,90,25,90,33
1742,196,189,202,197,1671,197,16,104,12,104,29
1743,190,191,196,196,1580,196,62,58,48,58,44
1744,191,182,194,190,1383,190,26,94,14,94,40
1745,193,186,193,192,1428,192,59,61,52,61,37
1746,192,185,195,193,1292,193,75,45,24,45,73
1747,189,184,192,191,1503,191,25,95,28,95,25
1748,177,183,186,189,1688,189,87,33,0,33,95
1749,178,170,185,177,1433,177,41,79,15,79,53
1750,174,168,183,178,1527,178,13,107,5,107,32
1751,161,160,179,174,1500,174,96,24,63,24,69
1752,155,143,170,161,1719,161,101,19,72,19,69
1753,146,140,158,155,1516,155,42,78,19,78,52
1754,97,130,121,146,1727,146,73,47,33,47,65
1755,95,80,112,97,1372,97,104,16,46,16,92
1756,66,78,79,95,1643,95,27,93,2,93,49
1757,74,58,74,66,1278,66,45,75,20,75,54
1758,73,66,86,74,1400,74,46,74,7,74,62
1759,69,62,73,73,1756,73,67,53,56,53,42
1760,93,76,87,69,1485,69,62,58,48,58,44
1761,85,77,93,93,1469,93,23,97,0,97,54
1762,127,101,110,85,1140,85,2,118,0,118,11
1763,113,118,137,126,1348,126,24,96,21,96,32
1764,133,113,128,112,1584,112,16,104,0,104,47
1765,110,110,136,133,1514,133,23,97,26,97,24
1766,117,95,129,110,1731,110,80,40,0,40,92
1767,90,97,104,117,1545,117,66,54,70,54,24
1768,92,88,105,90,1374,90,66,54,70,54,24
1769,96,82,113,92,1598,92,64,56,49,56,45
1770,134,112,116,96,1709,96,29,91,6,91,47
1771,135,128,146,134,1879,134,66,54,26,54,66
1772,124,120,144,135,1534,135,47,73,58,73,18
1773,128,114,138,123,1601,123,56,64,36,64,47
1774,145,132,147,128,1608,128,56,64,36,64,47
1775,170,150,156,145,1574,145,15,105,27,105,12
1776,168,152,174,170,1201,170,62,58,60,58,32
1777,158,163,178,168,1636,168,45,75,46,75,30
1778,165,157,164,158,1533,158,85,35,72,35,42
1779,166,151,177,164,1362,164,34,86,0,86,62
1780,164,154,160,166,1376,166,52,68,0,68,77
1781,163,158,173,165,1647,165,31,89,49,89,8
1782,150,142,161,162,1600,162,47,73,11,73,61
1783,160,141,159,150,1641,150,4,116,26,116,0
1784,156,147,171,159,1660,159,64,56,31,56,61
1785,125,144,148,156,1784,156,37,83,14,83,50
1786,102,107,124,125,1793,125,66,54,26,54,66
1787,91,89,100,101,1708,101,37,83,14,83,50
1788,120,99,114,91,1702,91,110,10,84,10,69
1789,83,98,96,118,1742,118,54,66,14,66,65
1790,89,81,102,83,1620,83,86,34,14,34,88
1791,105,87,95,89,1721,89,98,22,78,22,54
1792,119,121,131,107,1863,107,95,25,20,25,92
1793,126,111,141,120,1690,120,23,97,8,97,38
1794,81,103,108,127,1704,127,80,40,67,40,42
1795,94,85,97,80,1736,80,9,111,41,111,0
1796,88,84,109,94,1755,94,75,45,0,45,90
1797,114,94,106,88,1767,88,50,70,34,70,44
1798,107,104,123,116,1763,116,68,52,51,52,47
1799,139,115,132,104,1760,104,19,101,23,101,20
1800,104,119,133,138,1839,138,86,34,33,34,78
1801,129,117,119,102,1865,102,42,78,36,78,34
1802,101,105,130,129,1856,129,25,95,28,95,25
1803,109,93,120,103,1738,103,89,31,22,31,86
1804,77,90,94,109,1783,109,58,62,46,62,42
1805,70,63,75,77,1599,77,80,40,46,40,63
1806,75,73,80,70,1771,70,93,27,36,27,83
1807,52,69,67,75,1717,75,71,49,76,49,13
1808,53,48,56,51,1687,51,19,101,14,101,31
1809,59,52,65,53,1696,53,5,115,28,115,0
1810,45,53,59,58,1822,58,19,101,33,101,9
1811,36,37,39,45,1757,45,44,76,38,76,35
1812,46,43,47,36,1809,36,12,108,32,108,3
1813,34,36,38,46,1834,46,54,66,33,66,50
1814,65,54,41,34,1854,34,108,12,58,12,92
1815,64,60,72,65,1880,65,12,108,0,108,42
1816,54,57,61,64,1789,64,92,28,0,28,98
1817,38,42,48,54,1829,54,75,45,7,45,82
1818,57,44,51,38,1875,38,93,27,72,27,54
1819,61,51,62,56,1835,56,80,40,26,40,77
1820,33,47,40,61,1859,61,54,66,53,66,31
1821,32,30,34,33,1651,33,27,93,41,93,13
1822,47,34,36,32,1689,32,56,64,6,64,69
1823,51,40,45,47,1628,47,27,93,0,93,59
1824,48,41,50,52,1733,52,66,54,26,54,66
1825,29,46,37,48,1850,48,64,56,64,56,28
1826,26,26,26,29,1792,29,12,108,0,108,42
1827,22,23,28,26,1821,26,54,66,33,66,50
1828,30,24,22,22,1807,22,14,106,11,106,28
1829,39,31,33,31,1754,31,49,71,0,71,75
1830,28,32,35,39,1819,39,61,59,36,59,54
1831,27,29,29,28,1855,28,71,49,0,49,87
1832,31,27,31,27,1806,27,89,31,0,31,96
1833,15,25,20,30,1876,30,95,25,61,25,69
1834,19,17,19,15,1892,15,54,66,53,66,31
1835,21,19,21,19,1882,19,31,89,31,89,28
1836,18,20,18,21,1885,21,95,25,81,25,42
1837,12,13,14,18,1813,18,85,35,28,35,81
1838,13,12,16,12,1887,12,5,115,0,115,25
1839,10,10,10,13,1866,13,29,91,36,91,19
1840,7,8,8,10,1871,10,68,52,51,52,47
1841,6,6,7,7,1877,7,98,22,58,22,77
1842,0,4,3,6,1888,6,64,56,31,56,61
1843,2,0,1,0,1796,0,42,78,16,78,54
1844,1,1,0,2,1837,2,74,46,46,46,58
1845,5,3,2,1,1874,1,38,82,26,82,38
1846,3,5,5,5,1861,5,54,66,33,66,50
1847,4,2,4,3,1851,3,95,25,72,25,58
1848,8,7,6,4,1883,4,23,97,26,97,24
1849,11,9,9,8,1891,8,10,110,42,110,0
1850,14,14,15,11,1752,11,71,49,41,49,59
1851,16,15,13,14,1853,14,1,119,0,119,7
1852,9,11,12,16,1862,16,42,78,36,78,34
1853,17,16,11,9,1823,9,23,97,58,97,0
1854,20,18,17,17,1886,17,42,78,0,78,69
1855,25,21,23,20,1720,20,92,28,0,28,98
1856,23,22,25,25,1678,25,66,54,42,54,54
1857,35,28,30,24,1761,24,9,111,0,111,37
1858,41,35,41,35,1640,35,80,40,11,40,84
1859,40,33,32,40,1759,40,42,78,22,78,47
1860,37,38,44,42,1681,42,66,54,26,54,66
1861,80,70,43,37,1852,37,23,97,0,97,54
1862,87,75,91,81,1705,81,73,47,33,47,65
1863,56,74,70,84,1818,84,98,22,70,22,66
1864,44,49,42,57,1811,57,54,66,33,66,50
1865,58,56,54,44,1777,44,89,31,51,31,69
1866,42,50,52,60,1739,60,101,19,36,19,92
1867,50,39,46,41,1711,41,80,40,46,40,63
1868,67,61,60,50,1722,50,80,40,36,40,69
1869,98,83,81,67,1629,67,47,73,31,73,45
1870,71,86,89,98,1786,98,74,46,46,46,58
1871,63,65,71,71,1631,71,34,86,24,86,36
1872,60,67,68,62,1745,62,80,40,36,40,69
1873,62,55,53,59,1799,59,23,97,0,97,54
1874,79,64,58,63,1831,63,34,86,7,86,51
1875,43,68,55,79,1826,79,73,47,14,47,78
1876,84,72,57,43,1830,43,71,49,18,49,75
1877,78,79,77,86,1849,86,46,74,39,74,36
1878,76,71,66,78,1846,78,86,34,53,34,65
1879,112,92,82,76,1785,76,80,40,0,40,92
1880,121,106,126,113,1723,113,58,62,46,62,42
1881,143,125,135,119,1684,119,44,76,17,76,56
1882,159,145,155,143,1460,143,42,78,3,78,61
1883,167,146,166,160,1559,160,68,52,51,52,47
1884,184,174,176,167,1673,167,90,30,26,30,85
1885,182,181,189,185,1510,185,84,36,54,36,62
1886,186,178,188,182,1585,182,11,109,3,109,28
1887,169,179,181,187,1499,187,64,56,31,56,61
1888,149,159,168,169,1561,169,73,47,14,47,78
1889,122,133,145,149,1185,149,56,64,6,64,69
1890,130,108,122,122,1109,122,95,25,81,25,42
1891,118,109,139,130,274,130,64,56,64,56,28
1892,106,100,134,115,51,115,92,28,83,28,28
1893,131,126,127,106,1279,106,71,49,18,49,75
1894,140,124,125,132,1487,132,68,52,22,52,69
1895,144,148,152,140,1881,140,5,115,10,115,7
1896,172,165,150,144,1685,144,80,40,20,40,81
1897,179,172,182,171,1606,171,87,33,18,33,87
1898,137,171,154,179,1768,179,80,40,36,40,69
1899,147,134,142,136,1571,136,16,104,22,104,19
1900,136,135,118,147,1682,147,47,73,11,73,61
1901,162,153,149,137,1707,137,66,54,42,54,54
1902,153,164,165,163,1582,163,93,27,36,27,83
1903,180,169,167,152,1700,152,60,60,54,60,36
1904,148,176,163,180,1788,180,71,49,41,49,59
1905,100,138,78,148,1778,148,64,56,11,56,74
1906,142,131,103,99,1693,99,61,59,16,59,69
1907,103,129,98,142,1713,142,31,89,3,89,52
1908,68,91,84,105,1730,105,37,83,14,83,50
1909,173,155,83,68,1750,68,31,89,0,89,61
1910,157,156,169,172,1121,172,92,28,64,28,61
1911,116,139,115,157,1697,157,58,62,46,62,42
1912,111,127,111,121,1802,121,29,91,6,91,47
1913,55,122,69,111,1872,111,71,49,0,49,87
1914,24,45,24,55,1884,55,105,15,31,15,98
1915,49,59,27,23,1878,23,37,83,33,83,31
1916,108,102,64,49,1781,49,80,40,87,40,0
1917,82,96,76,108,1797,108,16,104,0,104,47
1918,123,116,101,82,1691,82,49,71,41,71,37
1919,171,167,143,124,1726,124,80,40,20,40,81
1920,86,162,63,173,1864,173,92,28,49,28,74
1921,152,137,107,87,1741,87,95,25,46,25,81
1922,176,161,153,153,1657,153,8,112,0,112,34
1923,181,188,180,176,1537,176,99,21,85,21,37
1924,154,173,172,181,1625,181,3,117,18,117,0
1925,194,187,162,154,1775,154,47,73,11,73,61
1926,236,227,198,195,1669,195,19,101,33,101,9
1927,212,235,221,235,1646,235,60,60,66,60,21
1928,213,211,213,210,1320,210,68,52,22,52,69
1929,198,217,200,213,1737,213,80,40,58,40,54
1930,185,192,190,198,1675,198,73,47,33,47,65
1931,188,206,187,184,1744,184,47,73,11,73,61
1932,72,180,88,188,1800,188,89,31,72,31,47
1933,99,123,85,72,1694,72,87,33,18,33,87
1934,151,136,90,100,1765,100,101,19,51,19,86
1935,132,149,99,151,1770,151,93,27,58,27,69
1936,187,177,117,131,1779,131,35,85,0,85,63
1937,203,195,191,186,1577,186,42,78,51,78,19
1938,175,193,184,203,1611,203,60,60,54,60,36
1939,183,194,175,175,1791,175,35,85,0,85,63
1940,141,175,92,183,1833,183,110,10,84,10,69
1941,208,197,151,139,1803,139,31,89,31,89,28
1942,219,243,197,209,1827,209,75,45,24,45,73
1943,115,213,140,219,1820,219,71,49,18,49,75
1944,138,166,49,114,1893,114,11,109,19,109,14
1945,202,216,157,141,1847,141,19,101,0,101,50
1946,221,230,205,202,1867,202,37,83,0,83,65
1947,273,287,225,222,1794,222,12,108,0,108,42
1948,352,334,236,273,1812,273,80,40,78,40,24
1949,407,453,369,354,1716,354,31,89,31,89,28
1950,473,459,416,409,1816,409,52,68,58,68,24
1951,479,470,459,477,1656,477,96,24,63,24,69
1952,365,465,393,482,1749,482,92,28,31,28,84
1953,549,519,390,362,1808,362,9,111,18,111,13
1954,518,533,507,549,1581,549,80,40,26,40,77
1955,474,515,496,521,1525,521,52,68,58,68,24
1956,481,479,482,475,1338,475,35,85,46,85,15
1957,515,522,498,483,1461,483,42,78,0,78,69
1958,598,581,536,516,1496,516,23,97,0,97,54
1959,521,605,550,598,1889,598,80,40,26,40,77
1960,433,506,419,519,1870,519,23,97,36,97,11
1961,527,502,450,434,1860,434,12,108,20,108,15
1962,491,510,479,527,1873,527,61,59,16,59,69
1963,608,587,513,495,1843,495,80,40,0,40,92
1964,612,600,599,610,1602,610,42,78,36,78,34
1965,580,595,568,614,1632,614,8,112,0,112,34
1966,575,576,586,581,1502,581,42,78,72,78,0
1967,633,631,589,574,1658,574,86,34,33,34,78
1968,572,628,588,630,1683,630,19,101,0,101,50
1969,564,558,552,573,1429,573,49,71,18,71,59
1970,639,619,582,564,1568,564,58,62,46,62,42
1971,631,623,629,634,1277,634,8,112,0,112,34
1972,642,666,644,631,1297,631,74,46,0,46,89
1973,668,655,656,639,1225,639,27,93,41,93,13
1974,629,656,648,666,1069,666,42,78,0,78,69
1975,605,624,623,627,753,627,37,83,68,83,0
1976,595,592,612,606,740,606,101,19,0,19,101
1977,656,640,617,597,1059,597,89,31,51,31,69
1978,610,642,632,654,966,654,80,40,0,40,92
1979,607,601,606,612,869,612,80,40,46,40,63
1980,588,599,602,609,1025,609,104,16,20,16,99
1981,621,603,607,588,1257,588,16,104,51,104,0
1982,661,649,636,621,1127,621,120,0,0,0,109
1983,653,652,664,659,1508,659,104,16,20,16,99
1984,636,658,639,653,1162,653,71,49,76,49,13
1985,657,644,641,635,1331,635,54,66,33,66,50
1986,677,665,665,656,1273,656,90,30,42,30,77
1987,670,676,674,675,1335,675,113,7,82,7,83
1988,613,663,624,669,1494,669,108,12,42,12,97
